velocity_x_m,velocity_y_m,velocity_z_m
7.701301198709821,-11.831230508913357,11.911957775618458
7.874195460194701,-12.159875800827619,11.650406084037298
8.512770979796908,-11.247716995399843,11.33553024392818
11.208129324577534,-10.080689968372818,9.606247648857346
12.039756634200856,-10.664203481886329,8.45339258547679
10.145228808036551,-13.581771049453897,7.876965053786512
6.010881576098758,-15.158486911938729,12.242845491607861
6.028680143019741,-15.882288752418008,12.70953390985887
7.797402642896417,-15.415162612641007,9.826568951034751
8.501135434604526,-16.208443680851264,8.327077342574315
4.053346034383308,-19.629517627659805,16.82419645718346
3.7593773471787495,-20.306397545854974,18.139783185794624
11.404171961996596,-17.082852130534977,5.571254927025401
15.99100364770589,-17.666365644048494,3.8419723319545676
10.850126367601053,-17.95516261264101,6.0628362441158785
13.90480614490824,-17.666365644048494,4.418399863644846
8.107288800596061,-18.33777707446827,7.108418113620019
4.006272707066798,-19.86016261264101,14.844879226926583
3.2443418579854573,-21.765162612641006,16.72674558038602
4.221033399169098,-25.252041319724167,10.182675180547625
7.512251970853444,-23.501500779183626,6.147682458715678
9.208662402311258,-21.15570913416095,5.726012008331663
10.941424930653397,-19.86016261264101,5.435547459629399
15.643318073768222,-18.059015109422695,4.0615136080662575
19.599986170583584,-16.9576535786054,3.3562543780494094
41.072059604907665,-17.201461284994586,1.4958342524252073
70.3875862478239,-16.065145495520902,0.9345758663057261
43.977158089591356,-16.065145495520902,1.4958342524252073
168.90116297801197,-16.76039817512293,0.36374523710454637
346.95766228116804,-16.206808431533187,-0.1831219083452045
34.57479481115978,-12.563138220744857,-2.311325727890603
39.17221275813984,-9.01014176486652,-2.917457635593959
15.088039763062246,-10.117321252046006,-6.745527653742214
17.112164533329068,-5.411110459263274,-10.578003118933383
48.22364637966159,-6.163616949530097,-3.1420620107140618
19.14494856499321,-9.516424539778136,-4.791737851105778
11.35099970499991,-13.448202741059454,-5.597352733956306
18.458217694868644,-13.907564443187113,-3.3284358538988292
104.88990486863347,-13.448202741059454,-0.6057355978298565
222.581953384113,-12.718240183954046,0.2955430051474439
95.67811541041809,-11.818656850620714,0.7398725608253663
57.58669828489609,-12.26844851728738,1.1842021165032888
35.38770510082723,-14.517406850620713,1.6285316721812115
74.87485293850526,-15.102357731220293,0.7247731208085222
177.10990594027373,-15.98358222101621,0.28951151524647567
187.44429142350052,-15.102357731220293,0.28951151524647567
34.16236166491654,-16.527510576595887,-1.4225042088616764
14.760923459553453,-17.391110576595885,-3.1287297026648986
12.089438405176299,-18.686510576595886,-3.5552860761157046
15.546984813485102,-19.11831057659589,-2.7021733292140935
321.8070286064251,-17.47344174176067,-0.14003440049927401
349.3524774618999,-16.095710576595884,-0.1428350885092595
16.388554495537146,-15.663910576595885,-3.1287297026648986
14.422287302953086,-15.663910576595885,-3.5552860761157046
13.668690004853783,-16.527510576595887,-3.5552860761157046
20.81141144271664,-16.959310576595886,-2.2756169557632875
23.70989933480312,-18.320108408427338,-1.8128044924632176
69.02168766748699,-20.43677507509401,-0.55822692349026
38.659455842676415,-20.86010840842734,-0.976419446481246
37.15155462288528,-21.706775075094008,-0.976419446481246
25.513602704421917,-22.13010840842734,-1.3946119694722319
20.01070747099964,-21.706775075094008,-1.8128044924632176
16.259770922826704,-21.706775075094008,-2.2309970154542036
13.96541441935224,-21.283441741760672,-2.64918953844519
14.248827396973073,-20.86010840842734,-2.64918953844519
16.919719844397584,-20.86010840842734,-2.2309970154542036
21.254230404279888,-20.43677507509401,-1.8128044924632176
10.82973368116177,-20.86010840842734,-3.485574584427162
12.306208916635054,-20.86010840842734,-3.0673820614361755
14.543981773135044,-20.43677507509401,-2.64918953844519
8.728092106842578,-20.87414478518835,-4.238845022132034
8.11957022535731,-20.458952477496045,-4.648995381219348
8.11957022535731,-20.458952477496045,-4.648995381219348
7.958069807781977,-20.87414478518835,-4.648995381219348
7.958069807781977,-20.87414478518835,-4.648995381219348
7.958069807781977,-20.87414478518835,-4.648995381219348
7.312900572331996,-20.87414478518835,-5.05914574030666
7.4613079782287866,-20.458952477496045,-5.05914574030666
6.901773791211437,-20.458952477496045,-5.469296099393974
6.901773791211437,-20.458952477496045,-5.469296099393974
9.281953712393431,-19.62856786211143,-4.238845022132034
41.007720254265756,-19.665576015656498,-0.9395734296328969
16.582206772107245,-20.043760169803736,2.3235607232649755
8.381587312310845,-19.25821752509046,4.694189993302272
6.126042969836609,-18.443500543958386,6.706248358636262
4.742314511181759,-19.21337555441912,8.475816109574673
3.2530685864558584,-21.706775075094008,11.151163720257347
2.6059628646578914,-22.119721708265278,13.39762041862243
2.364015810458539,-22.976775075094007,14.496703904185235
2.0064052675268575,-25.595310576595885,15.63975072917055
1.8405213829107492,-26.458910576595883,16.492863476072163
1.7656278347255738,-25.595310576595885,17.772532596424576
1.7600070865241395,-25.67705160877131,18.135237343290385
1.5466891311537032,-27.880112833261112,19.00576055441448
1.7844528870688674,-24.731710576595887,18.199088969875383
1.7348384678045452,-24.299910576595884,19.052201716776995
2.0639093989881974,-19.550110576595884,19.905314463678607
2.29389383570869,-16.527510576595887,21.184983584031023
2.899435288925812,-14.221133241424372,19.87628376553857
3.691113682752875,-10.482310576595884,20.75842721058022
4.419293126870139,-8.755110576595884,20.75842721058022
5.5053916202330555,-7.027910576595884,20.75842721058022
6.745840449343293,-5.620108408427338,20.769591749050022
7.295361851037529,-5.1967750750940045,20.769591749050022
8.710764312391996,-4.266452477496043,20.780326882194068
6.883976912890009,-5.096837092880658,22.010777959456004
5.706869578814768,-5.927221708265273,22.831078677630632
4.831991796411467,-6.757606323649888,23.651379395805257
4.749626161699395,-6.757606323649888,24.06152975489257
5.60615740893264,-5.927221708265273,23.241229036717947
5.49834668953009,-6.043441741760671,23.696939409986925
5.60615740893264,-5.927221708265273,23.241229036717947
6.636641634286901,-5.096837092880658,22.831078677630632
6.62808455538688,-5.1967750750940045,22.86055436400495
6.128825657775637,-5.620108408427338,22.86055436400495
5.706869578814768,-5.927221708265273,22.831078677630632
5.811266442930313,-5.927221708265273,22.42092831854332
4.4578178236588135,-7.587990939034504,22.831078677630632
4.091604655837523,-8.41837555441912,22.42092831854332
3.174503786432128,-9.618710576595884,26.30366006544069
2.7337430878350295,-12.155106323649889,23.241229036717947
2.363418676625983,-13.815875554419122,23.651379395805257
1.9808201428312855,-16.20344174176067,24.533324455968895
1.7033073610676979,-19.50848018019988,24.664161426721083
1.683691125798926,-18.743441741760673,24.951516978959884
1.4740191331176662,-22.152153649587635,25.09942303228313
1.5768485468284728,-20.01344174176067,24.951516978959884
1.544185245058115,-20.43677507509401,24.951516978959884
1.4298744886300698,-21.706775075094008,25.369709501950865
1.3538790884168912,-22.553441741760672,25.78790202494185
1.2593276034206793,-24.246775075094003,25.78790202494185
1.2346349053143917,-24.731710576595887,26.30366006544069
1.1739402977732163,-25.595310576595885,26.730216438891496
1.1739402977732163,-25.595310576595885,26.730216438891496
1.1739402977732163,-25.595310576595885,26.730216438891496
1.1925243802597882,-26.027110576595884,25.877103691989884
1.2290416753593045,-25.67705160877131,25.96994624340722
1.2549865410312475,-24.731710576595887,25.877103691989884
1.421898521064238,-22.572710576595885,25.023990945088276
1.5272464844809575,-22.553441741760672,22.86055436400495
1.2989797617212027,-26.04034508510654,26.38257980526206
1.429828700471644,-25.004902800647706,24.418100765634176
1.7010968012326106,-25.94359845282162,19.78161844551672
1.8838052551416389,-25.85096869850626,17.545599442629957
2.1337915218791443,-26.211990183954047,14.95841834251889
2.3336419669630297,-28.147777209144564,13.007765682515004
2.6045566136183633,-27.11157351728738,11.84811145277343
2.8266966461239145,-28.147777209144564,10.738848802457527
2.6263708848907763,-29.06650061339988,11.192632178469022
2.254975839790998,-28.147777209144564,13.4615490585265
1.6928822087221203,-27.351641931082487,18.854321981493232
1.820141944810245,-24.246775075094003,17.84224408811312
1.5644449613102256,-24.731710576595887,20.75842721058022
1.443310846356892,-23.436310576595886,23.744321824735856
1.3527233710982716,-22.572710576595885,26.30366006544069
1.3685021202812033,-21.277310576595887,27.583329185793108
1.3078282469058309,-21.277310576595887,28.862998306145528
1.2702821175956516,-21.277310576595887,29.71611105304714
1.210270500223221,-21.709110576595883,30.569223799948748
1.1697427514768366,-22.152153649587635,31.62834711571383
1.153863562314809,-22.152153649587635,32.06360872127588
1.2106501824141107,-20.83031691489376,32.49887032683792
1.3102283051757597,-19.50848018019988,32.06360872127588
1.3589522042594318,-19.067867935301923,31.62834711571383
1.4721336678747832,-18.627255690403967,29.88730069346564
1.5230553147597583,-17.746031200608048,30.322562299027688
1.4861558823080876,-18.186643445506007,30.322562299027688
1.561833735730528,-17.30541895571009,30.322562299027688
1.5579126738578968,-16.86480671081213,31.19308551015178
1.3282593478248492,-19.50848018019988,31.62834711571383
1.3548579835128025,-19.949092425097838,30.322562299027688
1.477352469487203,-19.11831057659589,28.436441932694716
1.642510262610943,-19.21337555441912,24.471680113979886
1.9333196585847598,-18.85085903452442,20.790656915974186
2.12394290292461,-21.277310576595887,17.772532596424576
2.8145461253424124,-17.30232460795915,15.271169885252
2.817030732964777,-17.746031200608048,16.3941909210422
3.840418510475635,-16.527510576595887,12.653856115014909
4.649205809096816,-15.780108408427337,10.732971197266359
5.770374828079932,-15.061452477496044,8.885966468661985
7.980520462822447,-15.061452477496044,6.4250643141381065
9.681046572387448,-15.356775075094006,5.296468398383543
3.486523285284511,-20.253307473404416,12.925212493934652
11.496502011855846,-15.356775075094006,4.460083352401571
12.532974694724995,-14.086775075094005,4.460083352401571
12.921282857073598,-13.663441741760671,4.460083352401571
3.1888205649116506,-18.647512591185578,16.079724835614908
16.842583918532405,-10.482310576595884,4.549285019449602
30.750589667801467,-9.186910576595885,2.84305952564638
14.002944824605567,-7.6119495679549845,7.688958809801267
4.920239389002339,-7.705388220744856,26.481229480038778
55.84240822457726,1.1762894234041164,12.227299741564105
127.30917847976782,-1.3867750750940038,4.460083352401571
122.40108480931713,-1.7752986313421963,3.554011800526915
57.81698654712012,2.791816753273189,4.7844628777888545
37.53131318664798,3.9612164371736953,5.09660166636907
33.41854591535746,5.282970599427036,4.374312518701541
13.789289513847162,6.943739830196266,8.065665750487359
7.174187747618182,8.034801342834074,13.144835127705026
10.310638160115056,5.590650399437846,13.144835127705026
30.43040056579681,3.1464994560416195,7.913483377836654
43.79157754199018,3.1464994560416195,5.4990133394358685
82.29417095193449,1.9614321378885733,4.7844628777888545
1897.3161236301298,-0.11452940057296525,3.554011800526915
533.3043993624935,-0.529721708265273,2.7337110823522885
1860.8292750987814,-0.11677507509400376,3.6236983064195996
2103.5943617918088,-0.11677507509400376,3.205505783428613
817.0192722445015,0.3006629071193425,3.143861441439602
299.511289614604,1.1097070032114305,2.2797199549014855
175.55605464703277,1.1097070032114305,3.8893666471686767
91.74131947158386,1.924423984343506,4.291778320235475
93.18985826291984,2.331782474909544,3.4869549741018786
77.14283574007757,2.2886013179667746,4.212300943934817
51.547788436461175,2.331782474909544,6.303836685569464
23.26268752553971,2.6395358394582877,11.891284080423377
6.6777952259684525,5.565319199511571,17.714377014329365
4.341314643731559,6.316476112034467,22.882464593434634
3.2755328916987367,7.215761094926243,26.13974983658092
3.9890647271636674,5.641788612034466,27.881172094811262
6.726625926292033,3.386201147906546,28.43656766766743
5.086858492988582,4.082652760809771,31.188544270575854
4.771117474154288,4.082652760809771,33.25252672275717
6.441637137761316,3.0877782159050136,33.09837736829285
8.39802278517151,2.4195745195034304,32.93908970201306
32.557549225328344,0.63092324017298,33.13589090590243
10.236173527548129,-1.9638884280999,34.442641392988335
4.657098344291546,-4.270974189996389,35.42107051694498
3.6918968789536692,-5.503848729103468,35.29188182358542
3.487854231080638,-5.889384443389183,34.91102791871863
3.7733371486812977,-5.503848729103468,34.53017401385184
5.086991899685062,-4.270974189996389,32.427692457641086
5.631061902363205,-4.19733670396197,29.29454723065103
5.65431360571011,-5.314060841893004,23.043290033527153
7.694394176205814,-5.028518049645513,18.209146675947558
7.639689346434153,-6.543605768943758,14.093251844404698
19.277121129204907,-6.660455871960612,5.585277243975737
59.44582544831009,-7.306954237588781,-1.7120931317708163
18.966615361196965,-7.444821298675364,-5.366101833367673
16.79886041197563,-5.512029400572965,-8.340348613005165
24.12354856753381,-2.9638779024489477,-10.597453583236046
97.038198532773,-0.5197269590527206,-15.023981986970819
68.15570579023884,0.7023485126453927,-15.828805333104418
36.451181910735286,1.461899475821924,-13.702098326624961
33.47160759991564,1.8544449303673785,-11.76320572003039
40.557329059580056,1.4357941280393896,-12.31485628476343
38.87692226396856,1.4106047573720317,-12.847150689330396
22.6542436454938,2.1681486170211546,-14.343839718982347
23.261028990108294,2.1681486170211546,-13.969667461569358
15.957360891157862,3.2474908822449287,-13.361090114429539
9.890042593071314,5.388041884240778,-12.773142507870727
7.049926543611984,9.104663461806654,-10.256532720149691
6.146408073884272,12.091846309196868,-8.715116471596291
5.115234208237123,14.52942695435816,-8.715116471596291
5.181397345527541,16.270555986616223,-7.683125245505631
5.121522892667239,19.014827396232885,-6.76016900333981
5.642047745512442,20.43056510115092,-5.711259888296844
6.111598772905726,21.492368379839444,-5.011987144934868
4.7415793521957115,22.908106084757474,-6.060896259977833
5.278432061652355,23.262040510986985,-5.361623516615857
5.5620287778196005,23.615974937216492,-5.011987144934868
5.048013854815488,24.323843789675507,-5.361623516615857
4.594439052699468,25.089074519503434,-5.806447553101791
4.965259529326708,24.7292411861701,-5.450983908559454
5.272116198505863,23.289907852836766,-5.450983908559454
6.939770194778528,18.92753340966451,-5.181885014254694
13.807563331715595,11.05557451950343,-4.38459297493244
946.145406429805,-0.45909214716323665,-1.5408838185937352
2.3414854388835837,-20.79798997510201,17.545599442629957
18.78243429154555,-17.695777366612223,1.8588485786119804
24.443545344186724,-21.017315828150686,1.2026080040722795
15.10266694980658,-22.007356497421124,1.8306842062087683
8.912321179961355,-24.381805137965536,2.8876345879281184
9.42314151047746,-26.06852388796554,2.5543874211696767
7.677754657602669,-28.30234723919023,2.980784090764509
5.105369334642438,-29.120254570980237,4.428194890451815
5.172680934996874,-31.205178454742278,4.216814739746109
4.739085672084483,-31.370957393617143,4.657239453751047
4.148552798113365,-30.949205871960615,5.585277243975737
5.974755551099847,-29.54919143326899,4.135713654045094
15.005462097839992,-26.89788016351471,1.8425433136525635
79.68419367147771,-17.702139422773968,-0.52721431662969
51.05059772349015,-5.028518049645513,-2.744499739179736
43.047905706315404,3.858907852836764,-4.029129330390102
16.412537053193002,8.003194862034468,-4.777050247516046
12.90751258673285,9.512839877363971,-4.542486590466212
11.909888373426897,10.309676850255771,-4.139987778652749
13.753804357490385,11.098787024944896,-3.023857224091338
25.748894966497744,11.543488937314041,-1.4527813597925232
18.98292222665606,10.62580273909299,-2.0110315401851064
75.111255315328,10.736612462453,-0.488209723240623
40.878598712210774,10.62580273909299,-0.9338689809659
23.923810678462505,10.7302659909805,-1.7003965775352712
13.421541582379637,11.373547845424168,-3.1695852830836917
13.14659210108662,12.635814673564466,-3.3116131482658373
13.80810486159449,13.194530325695474,-3.3910760177056276
24.907329533589024,14.170414765596712,-1.9284889455621086
41.422252463913125,13.630808566731018,-1.2931856444197058
23.748653427406033,12.515744739060489,-2.5492201219000883
43.99093557509214,12.834889423404118,-1.4225042088616764
64.66996118061725,12.470093149379288,-1.0374456618863237
61.97537946475819,13.012271112395782,-1.082551995011816
106.04727616604912,13.301432692671241,-0.632657179955628
50.75389121864565,13.92010398070246,1.3219000370269274
87.54986056054244,12.915917934190835,0.8259042539445951
57.93189689683445,12.195344551671568,1.3533738474323302
91.09092662920806,12.413824910935018,0.8259042539445951
93.20932027174777,12.131692526595588,0.8071337027185815
277.6382517691144,10.196184155874041,0.30839270102341976
132.76993018630182,8.516889423404116,0.7102776583923518
105.65956050161135,6.686564280929738,1.0526241035584791
110.33465003112845,4.656177477461116,1.3249071231304774
159.05611195033507,3.22991494108009,1.2026080040722795
157.72775592166525,1.7910792923218233,2.0601880620625943
179.29808820622677,1.0865469077054841,2.7856274635127005
880.7996831299748,0.20044193807956168,2.9162083458010275
538.3861939096205,-0.3279229622594547,2.7079077496723825
323.37959878727105,-0.5459503203310466,2.5273805663608906
384.591993409981,-0.5065518436061257,2.1251178587622666
257.1146153610997,-0.6866556197067397,2.2083907861405834
331.7936732652514,-0.4864903844534079,2.463287818267529
114.1727098663284,0.8835656172550089,4.374580223657169
78.95794203499538,1.6261114627658662,4.115467442929491
29.460030622066295,3.835219260154634,5.385320651632149
20.086992773448657,5.022109680850947,6.747233904284787
17.210333941409747,6.564990384912833,6.462384781958579
13.015702410723211,8.18931675327319,7.2453650323127325
11.362915621632151,9.380489423404118,7.535179633605242
10.539055563852333,9.571927983065425,8.124220415363313
10.211105981067648,10.438605769578848,8.016148546388555
11.280160527841131,11.38232158156013,6.950567236947583
12.913061085273464,9.942988248226797,6.950567236947583
10.858314272686183,10.405452817911764,8.265841000179577
48.82157525322244,7.229328188689628,-2.994232836530642
76.04584963919658,7.4247154370325905,-1.9223029849482112
105.6801111071359,7.630957532505718,-1.3832608825150983
179.71504924888072,7.848984890577309,-0.8134163742286645
69.00590110010981,7.444837387358995,2.2991035371970043
63.44200887431445,6.361953671824419,3.015070876886013
55.90277239882015,5.05346882333957,4.307665947949061
49.39470230069927,4.399226399097146,5.600261019012108
13.745724691584616,5.788361779255145,12.618147342887594
17.321663139373932,3.432901976950162,18.759678974884057
301.402646927984,-0.17516261264100563,22.37234464076433
9.512762775411327,-5.255162612641006,23.626922209737288
6.403103705404085,-8.245138220744856,19.01649294464968
5.0743727133068175,-10.404138220744857,19.01649294464968
3.764269427505499,-13.642638220744857,19.549688411463187
2.724916058590772,-17.420888220744857,21.14927481190371
2.2461533501078286,-20.119638220744857,22.21566574553072
2.2461533501078286,-20.119638220744857,22.21566574553072
1.939216909550153,-21.738888220744855,23.815252145971243
1.6668267513963126,-22.296295611020366,27.70710250959209
1.5285481739801319,-21.738888220744855,30.213597747733328
1.4544170523750188,-20.65938822074486,33.412770548614375
1.520503427584551,-18.57574460560474,34.67858772279844
1.520503427584551,-18.57574460560474,34.67858772279844
1.4785883913092555,-19.102329971458396,34.67858772279844
1.5648642115446687,-18.049159239751077,34.67858772279844
1.7149670269715245,-16.469403142190103,34.67858772279844
1.832126202479372,-15.416232410482786,34.67858772279844
1.8416695949718425,-14.889647044629129,35.71896912145894
1.758536734185388,-14.535131638804625,37.407543508155186
1.8424593164998406,-15.563226876899863,33.345101856242756
3.0979409021968314,-13.309890947068151,23.75458303686317
5.9267965854096,-11.483638220744856,14.750929210141624
12.890390688732108,-9.324638220744855,8.35258360837954
137.1458893563173,-8.245138220744856,0.8878470729904399
30.699410523749332,-5.411110459263274,-5.896286824961124
36.96527964579975,-2.778183629994981,-9.537621720272881
70.05057507055722,-1.2598853546101076,-11.667331962789973
210.2958502772198,0.40088387615912335,-12.214199108239725
215.68805156637933,0.3908617792551453,-11.908844130533728
592.7647813365439,-0.14888822074485478,-11.375648663720222
225.79770726520616,0.3908617792551453,-11.375648663720222
592.7647813365439,-0.14888822074485478,-11.375648663720222
124.95574407705945,-0.7062956110203641,-11.667331962789973
75.37992543658865,-1.228388220744855,-10.842453196906716
73.64291225366271,-1.1984275324340048,-11.098193818263633
51.05987536241679,-1.8134750981998515,-11.12046481734022
38.24088741391775,-2.307888220744855,-11.375648663720222
28.336258801242685,-2.8476382207448547,-12.442039597347238
44.49546270331195,-1.8134750981998515,-12.761066253689474
480.221015270869,-0.14888822074485478,-14.041625997787758
21.5083714349073,3.0896117792551454,-15.108016931414772
7.913349606441779,8.704730030005278,-14.948534835488477
6.29534502526206,9.859865150492826,-15.77991011223589
5.2145316431605195,11.16724931357633,-16.41980837968457
4.670433863998246,11.409638864423393,-17.525939720101693
3.9047451441206342,12.915917934190835,-18.51793128626636
3.7334539813941783,12.821654914893463,-18.642815170100754
3.4312359421313348,13.950966764569692,-18.23753657944639
2.9321211048725093,15.16884314937929,-18.810627889003225
2.678259900101925,15.857489423404116,-18.911315520344708
2.4402645518028914,17.404046625852942,-17.840863698438405
2.2608837505466792,18.784901270896533,-16.88510314316492
2.7154674322078147,17.628294128039393,-14.980833618830966
4.238807468677069,13.737820210758603,-13.01192362163683
9.947935408912535,8.871759816045955,-9.479707219766853
353.8956118600116,0.3257181493792877,-7.258059441377239
52.95064489028353,-2.8828835921232807,-5.597352733956306
73.18082553352113,-4.82294627890857,-2.473496691047052
163.03653579200414,-3.1510588099952144,1.8178958201092592
22.470716087028613,3.5408407602489227,12.310387651597656
1.5520631294529248,25.452014724068935,31.768548183014705
0.6745822959803699,47.579226399097145,37.915137795588294
0.40101530806649927,62.054837387358994,47.46389602022349
0.40724491528765033,87.79171042962332,43.201255200737386
0.34484384525038764,112.19976963209193,43.24672335537545
0.31128589466645173,117.07802048566114,47.90890506724486
0.28665507283959024,122.39974868955481,52.02547517689601
0.297492839441844,124.92422355851029,54.028849893704574
0.31718726576408474,119.52672355851031,52.962458960077555
0.3009640263702177,91.11324889116177,56.32606669153141
0.22034403376009673,108.62975961609591,72.9459095958791
0.37176920145725173,155.0509647446804,46.44508411789109
0.30803072443200347,113.90587397036451,40.87715906756115
1.3059437308109563,166.39191506501146,10.267145201522201
0.28037008079913606,153.80338505319116,42.33101214392316
0.43265665379382173,99.66763972406895,29.102570848947167
0.611255888859543,67.45661893848273,21.172563141551958
0.6593459420707128,61.196489423404124,19.905314463678607
0.5655499756165565,54.88102775792842,24.412361973575365
0.5530610999671988,42.73571727693881,27.404576441576765
0.6938374740553682,31.31340107833645,28.005734395235475
0.799648017961996,26.55710111203447,29.54740792860347
0.7759235191782772,28.327574519503436,30.450844190216692
0.8371672184734237,29.72517220309465,29.34131753977452
0.829782174636299,29.21744285226804,31.25336041571093
0.9075876810404356,24.7970090609655,34.3152887320754
1.2595686370417598,17.86759314937929,37.17489612641502
2.053347426542157,8.597011218338235,54.165115322293985
58.642061444362504,0.5043377796840584,43.801246471519846
7.537098741423887,3.9865958442001874,43.11325232079273
7.418712159641929,3.9865958442001874,43.801246471519846
4.833204995889135,4.829601824877073,44.11311687308462
2.9621994382955164,7.5975505428257915,45.75371830943387
3.3638902937505137,6.173767589517216,47.163164506724456
9.968683147499272,1.9143921707191862,50.10267367038155
7.526043128984111,2.615242850518098,52.31612405483088
16.365105427813912,-1.228388220744855,49.94183001983309
4.5164531214856805,-4.357939727555956,49.764118003375714
2.866641297891287,-7.165638220744857,48.87543908620607
1.7632634849044275,-11.778090482815237,49.581788327582125
1.678855659334544,-11.483638220744856,52.074611887087116
1.3820052635165807,-14.546039200763957,51.222389763931375
1.0541475170932633,-20.61040865341564,48.64153868646163
0.8841341644525406,-24.019356021836693,49.76405545870058
0.7442595598420669,-26.72501355973832,51.769256909381134
0.7200474834337369,-29.492962277687035,48.48805403668263
0.8071742250425675,-28.56461917973143,45.83524675586422
0.9419310100300503,-26.419068346751196,43.61547201858374
0.9734989678670161,-24.587513916573535,44.151471597505775
0.8206881356254853,-26.171423816148575,47.941186891232874
0.7723274753315864,-26.596638220744858,48.87543908620607
0.8277565480672738,-25.94793972755596,45.602592408733706
0.914959622117656,-24.894768995848644,43.00163891208245
0.8820598830430212,-27.136388220744863,41.94389801763049
0.8435841358270382,-27.001110459263277,43.00163891208245
0.8655103279485796,-24.816084019757007,44.516816399001954
0.9897134302425679,-21.217750686423674,45.53242681198006
0.9887289387674351,-22.23059369371615,42.48955003286049
0.9657352425170295,-22.75989354356653,43.50120598602384
1.0114225708336437,-21.731798305471294,43.50120598602384
1.1856245219028014,-17.71175648441382,44.47353316518982
1.206668518931644,-17.79989838249532,42.49332474450186
1.3997002660782238,-15.703384391390562,42.48955003286049
1.4157251665491457,-15.346489291586233,42.008601592853225
1.2408751683552146,-17.309216564313505,42.49332474450186
1.3068933556184776,-16.818534746131686,41.52387844120457
1.4313844735859076,-15.00545619621765,41.54902863906849
1.399575929728443,-15.346489291586233,42.49332474450186
1.5479362103777408,-13.566122862884317,42.49693169118139
1.6227856692563893,-13.08634508510654,42.02298016512494
1.6001809804842728,-13.27120714847379,41.10943711805701
1.8314179684486862,-11.863163670212918,40.18214065403352
1.9094719850721869,-11.647011751773205,40.12717406089914
2.105782661204746,-10.68745619621765,39.65322253484268
2.6955443217234887,-8.768345085106539,37.757416430616885
3.2659136362292087,-7.329011751773205,37.283464904560425
3.539431660338972,-6.514216564313505,39.58498583461
4.362004332147132,-5.159430903018469,41.49755846669583
3.566093008527033,-6.163616949530097,42.48955003286049
3.7920651880432255,-5.7963221149951005,43.50120598602384
3.836854165209946,-5.7963221149951005,42.99340077953479
3.8827138147065137,-5.7963221149951005,42.48559557304573
2.8663000335550097,-8.044037288531566,42.481448212752206
3.3833850552319156,-7.165638220744857,41.41070255081698
3.0976147225336157,-9.700162612641007,39.30914182189926
3.148811655367205,-7.902962277687033,41.378781145835866
3.148811655367205,-7.902962277687033,41.378781145835866
3.6589982293032604,-6.625888220744856,41.41070255081698
3.6589982293032604,-6.625888220744856,41.41070255081698
3.8839095627197464,-6.242193046917801,42.47251543673537
8.507523602791403,-2.778183629994981,41.4410668140917
4.371153316781507,-5.546388220744856,41.41070255081698
3.3085691092454383,6.075950682909865,64.44107099333301
3.786403692968362,-6.242193046917801,43.56624972763486
4.208586694462647,-5.546388220744856,43.0102889512575
3.7394639180018507,-6.242193046917801,44.11311687308462
3.7394639180018507,-6.242193046917801,44.11311687308462
6.809994882744027,-3.3047689958486393,43.521829611412706
5.166691382453591,-4.254179257852243,43.50120598602384
4.6641326480414715,-4.768226876899862,42.99340077953479
4.161092220372286,-5.282274495947481,43.50120598602384
3.8375552927448715,-5.661523926274284,42.98554581594283
2.4446668252875106,-9.097208020238885,44.04202031074295
3.1016026103345276,-7.004898382495322,42.008601592853225
2.6571672843714897,-7.902962277687033,49.03492118213238
2.7668100949832843,-7.852512591185577,44.0090111925129
2.6586441801550853,-8.171989042553355,42.98554581594283
2.800373950872224,-7.669896019297539,43.48154159902516
2.5986737324869624,-8.171989042553355,43.97753738210749
2.171774866390744,-9.458307473404414,44.43221735109643
2.374648085244277,-8.28856730732876,45.34064084752009
2.3188360333337057,-8.577728887604222,43.891326510127485
2.6892122952505133,-7.808789529550983,42.49693169118139
2.865255715930772,-7.329011751773205,42.49693169118139
3.6056863818856875,-5.889678418439872,42.02298016512494
3.29718498092378,-6.514216564313505,42.49332474450186
3.100541366769325,-6.849233973995428,42.02298016512494
2.833180714300971,-7.495580200677142,42.97804789615051
2.341700425648591,-8.967625655222596,43.46277104779915
1.969370694756543,-10.207678418439873,44.39273779540719
1.8416384707833728,-10.68745619621765,45.34064084752009
2.1507442238435717,-9.248122862884316,44.86668932146364
1.8225867381704368,-10.68745619621765,45.81459237357654
2.002365838995452,-9.727900640662094,45.81459237357654
1.4725914877744368,-13.507036400709389,48.07145284442533
1.442123597666526,-13.507036400709389,49.08706325740344
1.442123597666526,-13.507036400709389,49.08706325740344
1.3750271369518612,-14.021084019757007,49.594868463892496
1.4077658783078584,-13.695012298367306,48.441499429848484
1.3863692661199691,-14.197105321623122,47.44950786368381
1.3676053800429124,-14.699198344878935,46.45751629751915
1.863088665685335,-10.45512019195205,44.81862297415097
1.7830448032654214,-10.924468018039004,44.81862297415097
1.7830448032654214,-10.924468018039004,44.81862297415097
1.3388936861461604,-14.855807473404415,45.88638680604236
1.658135286100881,-11.393815844125964,46.2095676701862
1.3895599162812995,-13.874443837040776,47.340556260988286
2.8882059994139495,-5.838303390257743,62.67299833944865
3.1435264903403093,-5.412581860264708,63.79043562774347
1.7415828831406397,-11.184547182088236,47.94550364676615
1.5559627126471625,-12.783305581214494,49.24392730404546
1.6719665346985635,-12.023388220744856,49.94183001983309
1.7984860671783196,-10.943888220744856,51.0082209534601
5.324335767425099,-3.2544436808512636,66.21687088232652
6.509642297569698,-2.6375865379941206,66.82623713011338
5.275784919017517,-3.2544436808512636,66.82623713011338
1.8434482188577774,-10.67696411779986,49.764118003375714
4.480148008246315,-3.7637646897165062,66.15483158052913
1.6435762473317148,-11.730134849507175,50.80449940203622
1.5237698734690766,-12.783305581214494,50.28430870270596
1.5892355855191802,-12.256720215360835,50.28430870270596
1.6605790281108423,-11.730134849507175,50.28430870270596
1.6836634728763908,-11.45084592451891,49.594868463892496
4.007625652523283,-4.245554833237681,63.79043562774347
4.64620493691183,-3.662041319724168,63.79043562774347
4.115939859348237,-4.133829706047216,62.11173995332917
1.5981001111992752,-12.188733228599865,47.94550364676615
2.5628001856934017,-6.5796088872917355,64.36686315943373
1.8584416987812689,-8.91366294134579,65.51971822281429
1.179416268613896,-15.703384391390562,50.42548256217781
0.9799360439001141,-18.71594253092545,50.92147834526014
0.8896138082363926,-20.222221600692887,51.913469911424805
1.0894258537599844,-15.61794627890857,51.309698222315404
1.0207468144517844,-16.08729410499553,53.16429115036239
0.7900747397836938,-21.731798305471294,55.68853094176115
0.7758004900856496,-21.73525680072669,58.08716919265973
1.0542956037739615,-14.679250626734659,56.40982877444459
0.8623702375426202,-17.79989838249532,59.45863505220436
0.8623702375426202,-17.79989838249532,59.45863505220436
0.8623702375426202,-17.79989838249532,59.45863505220436
0.8868167163610611,-17.309216564313505,59.45863505220436
0.8623702375426202,-17.79989838249532,59.45863505220436
0.8766638472975498,-17.79989838249532,58.489188748907075
0.8439347062437713,-19.628915337312055,59.12755059132023
0.978319169432757,-17.71175648441382,53.89745304375414
1.4728149078765598,-12.332511496299874,48.064160598233194
1.4379979723357408,-13.27120714847379,45.74591943817446
1.2406691245023769,-16.556641931082485,42.50038181409224
1.5442864202843192,-13.448202741059454,41.14233499522771
1.2909693723798037,-17.02598975716944,39.718492422021775
1.3925906259258167,-16.556641931082485,37.863899493974785
1.487877281535339,-16.08729410499553,36.47295479793955
1.5933554442759499,-15.61794627890857,35.08201010190432
1.5436588391451649,-18.57574460560474,34.15839702346819
1.8101879409740487,-15.148598452821616,31.8364724778221
1.7586926599704138,-16.556641931082485,29.98187954977512
1.944124087904956,-15.965011751773206,28.752337435544316
2.3247137477768267,-14.045900640662095,27.330482857374967
2.642263158964549,-12.80185932238683,25.80904546166941
2.7394755566578604,-13.566122862884317,24.01282217497981
2.6868200788637715,-15.346489291586233,22.134952375258862
2.7029011429305827,-16.32785292794987,20.680782920312936
2.687023184518367,-16.818534746131686,20.19605976866429
2.687023184518367,-16.818534746131686,20.19605976866429
2.6750550975213296,-17.309216564313505,19.71133661701565
2.6013130530004953,-17.79989838249532,19.71133661701565
2.6013130530004953,-17.79989838249532,19.71133661701565
2.764330714360823,-15.965011751773206,20.221209966528207
2.607604173221472,-16.92456730732876,20.221209966528207
2.6836811904009314,-16.444789529550984,20.221209966528207
2.5478859643206953,-16.92456730732876,20.695161492584653
2.2956135767335075,-18.363900640662095,21.169113018641106
1.9947819469988484,-19.803233973995425,22.590967596810458
1.6749006455577653,-22.188815844125962,23.490804301610684
1.4312460788086603,-24.06620714847379,25.345397229657667
1.3308318622957531,-24.535554974560746,26.7363419256929
1.2184053758870665,-25.474250626734662,28.127286621728135
1.0913783380624391,-28.439233973995425,28.752337435544316
0.9602786953242151,-31.79767841843988,29.226288961600766
0.6908879111363072,-37.50582510350796,41.88618942351291
0.6250362933052944,-40.34682024527207,44.23457350041829
0.5831533948983768,-42.116443680851276,46.71715095314683
0.5288518210828304,-45.26016261264101,49.34576237368292
0.521534690316306,-45.89516261264101,49.34576237368292
0.7080362375482092,-39.30175648441382,33.561625937378516
0.7019440696974015,-40.237512591185585,33.85290706273181
0.5123125006371778,-47.940167540296805,49.54849343515572
0.5412423916400807,-45.97744026756953,48.902195899624196
0.8264263566205786,-35.787105321623116,31.577642805049187
0.8895350313032564,-33.77873322859987,31.08164702196686
0.9996668558147558,-31.048307473404417,29.405799649988506
1.067009972639846,-29.576262018858962,28.921076498339865
1.385741706858337,-23.161678418439877,27.804434383431413
1.8025864155605162,-18.43403323543031,26.272693693681155
2.43219302646193,-13.907564443187113,25.25991683482538
3.4377661917581697,-10.019490183954046,24.289339011755263
4.268263749275169,-8.22032351728738,23.84500945607734
6.354440227283083,-5.521573517287379,23.84500945607734
10.721244907798654,-3.272615183954046,23.84500945607734
15.093551231393269,-2.3246026291794735,23.35837661003494
62.41444648076074,-0.5621536495876366,23.35837661003494
46.18571818174029,0.759683085106241,23.35837661003494
13.911447924259289,2.522132064698078,23.35837661003494
10.309383784611558,3.403356554493996,23.35837661003494
5.9124442140472855,6.047030023881751,22.923115004472898
4.851862416329093,7.368866758575629,22.923115004472898
4.113904899017495,8.690703493269506,22.923115004472898
3.7351647170897335,9.571927983065425,22.923115004472898
3.4979215439700875,10.221134816045954,23.400679900399414
3.2771927013266113,11.120718149379288,22.956350344721493
3.214965724031541,11.120718149379288,23.400679900399414
3.0899872387030074,11.570509816045954,23.400679900399414
3.4327410319517817,10.221134816045954,23.84500945607734
4.496696470730372,7.522384816045954,24.733668567433185
5.6080517896655335,5.723218149379288,26.066657234466952
15.47052804208776,2.0398894234041163,25.45054731853908
30.929848339154297,-0.9270854496187584,26.424420338909353
31.354229891113032,-0.8620268215753367,26.066764081620292
11.353229576089829,-2.2212381775376104,26.105649934673085
7.8688897264574695,-3.0810081358429877,25.483509262041217
6.520090933951946,-3.580081306320503,25.30016997132794
6.028956432868169,-3.732894772250623,25.132324141801703
6.125570864422795,-3.6306236825999214,24.735929215622757
4.998407255848667,-4.397407051063923,24.36067535217335
4.289324317610771,-5.124357517270055,23.727930537831185
4.172432249370308,-5.267918086453091,23.12722343560761
4.714398733895807,-4.662319110372428,22.838133142662517
4.275153247286498,-5.202069110372428,22.571535409255766
4.275153247286498,-5.202069110372428,22.571535409255766
3.8732746926217523,-5.741819110372428,22.571535409255766
4.221713831695418,-5.267918086453091,22.857251047347606
4.168274416104336,-5.335455497817875,23.15029272744181
4.93657996293401,-4.50507088243326,23.15029272744181
4.396350001304939,-5.058660626023003,23.15029272744181
4.396350001304939,-5.058660626023003,23.15029272744181
4.7064181863493335,-4.781865754228131,22.876859154716936
7.57481152620888,-3.0815889725290404,21.77736149430759
6.35223090402731,-3.6746862670486444,22.05655843654231
12.195312255220022,-2.013917036279413,20.96282414564281
7.831545462612562,-3.3548801117695466,19.34760999996756
8.438943161690812,-3.3978913952537724,17.955054845669174
9.069687117815313,-3.312944110372428,16.706385274307188
12.764111246037688,-2.472413936170299,15.710214394159927
17.345791987465184,-1.915677180851149,14.738340364747964
21.233864708986676,-1.6523844979243196,13.958054315752587
22.05584499154832,-1.6523844979243196,13.437863616422337
22.21688823608377,-1.6727843065406693,13.340456763877672
14.191195237517514,-2.472413936170299,14.130375973971757
11.748904273979589,-3.0430691103724277,14.04040794023965
9.670576841262406,-3.6281712510100532,14.488107011287497
9.158591366084796,-3.6281712510100532,15.298024176067507
10.78305322039979,-3.0815889725290404,15.298024176067507
12.880714830426351,-2.535006694048028,15.56799656432751
19.373968398157285,-1.7151332763265088,15.298024176067507
14.691917303016307,-2.2617155548075214,15.298024176067507
17.011399070023923,-1.988424415567015,15.028051787807502
19.373968398157285,-1.7151332763265088,15.298024176067507
19.373968398157285,-1.7151332763265088,15.298024176067507
16.711189841582314,-1.988424415567015,15.298024176067507
23.460183596903683,-1.4418421370860024,15.028051787807502
19.373968398157285,-1.7151332763265088,15.298024176067507
19.722013280646173,-1.7151332763265088,15.028051787807502
19.722013280646173,-1.7151332763265088,15.028051787807502
23.163219247575785,-1.4603272926896693,15.220719118420423
19.47236754291647,-1.7371221644845412,15.220719118420423
19.47236754291647,-1.7371221644845412,15.220719118420423
28.58044330396617,-1.1835324208947975,15.220719118420423
22.754445568825744,-1.4603272926896693,15.494152691145299
37.305040788667995,-0.9067375490999258,15.220719118420423
28.58044330396617,-1.1835324208947975,15.220719118420423
37.11652831833172,-0.8952598586049897,15.298024176067507
28.650310488239352,-1.1396978867875827,15.183601587430537
27.784157408586047,-1.0989943908308832,15.656940515143267
27.756846119186008,-1.0490401003385703,15.672346128291537
28.703102236885524,-1.0144563607669692,15.155675376809402
19.594605498416826,-1.4414417960616404,15.125766985475913
14.795374931241906,-1.8807950403136233,15.191051740076592
19.305023530114376,-1.4414417960616404,15.352658673481661
22.564734219631752,-1.2517091080197167,15.624418644337759
26.712912699694886,-1.0734363817417931,16.284817185606926
25.23349647198728,-1.1539441103724275,17.23958074112069
30.526526297694335,-0.9688428606821123,18.600529323522125
28.889440024824154,-1.0400813063205028,19.65457091094963
328.13484363762706,-0.09305513796553425,20.54973442612554
312.75352284211317,-0.09763162016056054,21.56037710282024
65.35368835797055,-0.47492291085852056,22.30784801033611
35.92686901376324,-0.8933732514508035,22.749082677352977
35.2208076749367,-0.9270854496187584,23.205126954374972
18.7173793228553,-1.7752986313421963,23.241229036717947
14.586183056939584,-2.2781105765958842,24.17087819818666
33.81355475920796,-0.9827105765958839,24.17087819818666
23.02164414681334,-1.443378139383555,24.664161426721083
22.160732415251385,-1.4734485172873792,25.622327678789027
31.233546428717453,-1.0454367836126424,26.167483586848373
22.081985202045452,-1.504798485740302,25.713700210836876
30.56900288768091,-1.0681636702129174,26.7363419256929
12.961800794838691,-2.4762071484737866,27.19999015770465
21.612155729661502,-1.537511496299874,26.272693693681155
16.27054669702482,-2.0068593223868305,26.7363419256929
21.237368564615906,-1.537511496299874,26.7363419256929
12.961800794838691,-2.4762071484737866,27.19999015770465
21.142326257277553,-1.5716784184398713,26.856531331318518
21.142326257277553,-1.5716784184398713,26.856531331318518
21.142326257277553,-1.5716784184398713,26.856531331318518
20.77568663929817,-1.5716784184398713,27.330482857374967
12.190447131730329,-2.588762018858959,28.921076498339865
4.804847259812999,-6.795782790507545,31.535172527740347
5.732300251883039,-5.159430903018469,31.577642805049187
4.201767106339121,-6.824417353090338,33.345101856242756
3.05222607809921,-9.394655448328434,33.345101856242756
2.714740525431661,-11.247716995399843,35.545486574919856
2.530600179454507,-9.339864509993765,51.487386041750284
3.1212143103913306,-8.189300823708406,44.88905220978623
2.6387559156023515,-8.95704777593107,53.09636685555499
2.8545736283080236,-10.360709134160953,37.71774001714209
2.945795157725237,-10.039872252279835,38.79538973191758
3.5210933334233845,-7.902962277687033,37.00384398223785
3.843114934195735,-7.349372534097289,36.4569768367881
3.801598810497299,-7.54277707446827,36.85511257795252
2.9072949934174996,-10.335162612641007,39.30914182189926
2.504948260594608,-13.26531905544831,36.62254272452524
4.174857994049562,-6.974619179731427,36.29385419183304
2.80141256282616,-11.655797775931068,38.433491518183544
4.358102866802432,-6.5796088872917355,37.85119670168096
4.425497797322504,-6.5796088872917355,37.27476916999069
4.724919917459086,-6.162653578605395,38.31017942471265
4.724919917459086,-6.162653578605395,38.31017942471265
3.0691833805469115,-10.638888026767555,39.67328156715721
3.324853147242947,-9.994106934236187,36.62254272452524
4.128842899797602,-7.16312240080525,36.698341638300406
4.167500988793617,-7.572443680851264,36.35792474077012
4.903929991627638,-5.937695825116933,33.63820632413794
5.102443666550942,-5.7963221149951005,32.329491443264644
5.3454171744819385,-5.532852927949869,30.859969104934432
5.053775466481048,-5.761641931082483,29.98187954977512
4.629176838288433,-6.290112833261106,28.146254271217458
3.92080956773187,-7.313441741760671,27.460672116905798
3.5970245334239785,-7.852179789241401,26.826832011976148
3.4957960642893666,-8.20259872910347,25.008826392182073
3.0794163558531595,-9.036474634996454,24.881895091504767
3.1856031267446485,-8.735258813829903,24.052498588454608
3.2874622026489413,-8.105250464996681,24.30860276330479
3.2537198330967216,-8.189305137965535,23.548958926951517
3.222647393461447,-8.268265588330216,22.835354110983285
3.1939400490459757,-8.342581306320502,22.163726048895544
3.0126887013982686,-8.721078983282776,21.83515985710625
3.098765521438219,-8.4788267893027,21.228627638853297
3.014649340300241,-8.715407051063922,20.379482533299164
2.954849227762627,-8.769422452334991,20.12712998272698
2.7977866897492,-9.13599418308388,19.396504041265654
2.913472245548444,-8.655729263009569,19.18608007247058
2.9836763960435873,-8.452065045056404,18.7346428942948
3.148498685643224,-8.009603779652807,18.303961448448945
3.243079151080051,-7.673244645793116,18.33832346235907
3.076771567149876,-7.982505875886603,18.167780926223763
3.207344480676684,-7.657533283843894,17.968134981979546
3.110957917895986,-7.89478603109664,17.968134981979546
3.3536386675941423,-7.420280536591147,17.73376334821537
3.4644081105803908,-7.183027789338399,17.73376334821537
3.7609340486612117,-6.6166913351662275,18.13227488413032
3.8748911275881617,-6.596459637555747,18.268800317936257
3.684737198250436,-6.753518200354694,19.21157696056665
3.4215416840896906,-7.2730196003819785,20.689390572917933
3.056504323703174,-8.36267847712047,21.52214831976052
3.656055624655283,-7.500381027310361,21.857876626564426
3.3103944946003567,-8.661992521107845,22.230067904161835
3.0796693953873318,-9.45492548049657,22.986107654827588
3.193567164127094,-9.408716014306796,23.043290033527153
2.903687342383539,-10.515813014817754,23.485410772714904
2.81523809080866,-10.5054727561073,25.145160011428057
2.828002071228527,-10.296330732637628,26.022008665842556
3.184407454136298,-10.07914478518835,24.06152975489257
3.0708239011685237,-10.276775075094005,24.951516978959884
3.1612652846721194,-10.700108408427338,23.27874688699594
2.984946540159949,-12.209510576595886,22.038096330932632
3.4051388540247345,-10.914110576595885,21.611539957481828
3.4051388540247345,-10.914110576595885,21.611539957481828
4.854869956547296,-8.493174057750903,19.87628376553857
6.484379567474685,-7.320740183954047,17.624395676586424
7.784175013066549,-7.639033235430309,14.681487893387523
9.18639677829152,-7.98626201885896,12.440489342286009
15.415939149004467,-4.26096869850626,13.007765682515004
10.650322138994364,-7.167802996041726,12.233807264838234
12.608647478086658,-6.31036973404272,12.017283183702471
23.97294524118722,-2.9455549745607437,12.363246733328797
18.226948610920825,-4.768226876899862,11.001672770724362
20.08068015623894,-4.768226876899862,9.986062357746254
16.366864082040394,-6.163616949530097,9.25783256634424
17.81836166028635,-5.661523926274284,9.25783256634424
17.904763367028576,-6.31036973404272,8.462646738279092
15.669697610672051,-5.546388220744856,11.551756409260582
18.65398743133567,-4.884525093409615,10.749815553606902
20.17875252214337,-5.282274495947481,8.970451944768145
22.755013922260222,-5.282274495947481,7.954841531790037
22.755013922260222,-5.282274495947481,7.954841531790037
16.912273104252087,-5.661523926274284,9.753828349426573
12.71182672721663,-7.167802996041726,10.249824132508905
10.373703532974261,-7.669896019297539,11.737811481755903
8.920815918783354,-6.665709972785912,15.70577774641456
2.6042307785990317,-12.75959802304984,33.57066416414815
2.4322129230080596,-12.159875800827619,37.71774001714209
2.3097223996197607,-12.41474402242687,37.85119670168096
3.5008438446675982,-11.778090482815237,24.972766782343335
2.9257681759511884,-13.224356021836691,27.31372001392134
2.4516999748978088,-15.158486911938729,30.016027718724764
2.144923347074717,-16.357931356383176,31.793345941436456
1.9947265166724464,-16.9576535786054,32.97822475657758
1.7715656203803303,-18.756820245272067,33.57066416414815
1.7221970905099486,-20.000419698102544,31.510493853087908
1.9061187988876676,-18.756820245272067,31.20090653386589
1.7622921907089892,-19.909586537994123,32.701727254048926
1.525906923861989,-22.993872252279836,32.701727254048926
1.1522971482347555,-26.49892277593107,41.09946885225108
0.9272327267766028,-31.89642277593107,42.43245751928485
0.8008107523474342,-35.26986027593107,44.4319405198355
0.8136313394552677,-34.201076631205886,43.73181561537201
0.8383861976131302,-32.238349358478615,45.024410686435054
0.8894565920634989,-32.238349358478615,42.43922054430896
0.9374759683449426,-32.571110275931076,41.09946885225108
0.928313382773281,-32.892591782721034,39.854030402182865
0.8760394101521058,-34.855319055448305,39.854030402182865
0.8740734218320261,-35.50956147969074,39.20773286665134
0.87855031126333,-34.201076631205886,40.50032793771439
1.2342513305344394,-28.967137237266492,34.03735258239916
1.7741855169533554,-24.305162612641006,27.39065491665616
1.95813857134596,-23.078955419084675,26.92807969155239
2.006291323140997,-23.078955419084675,26.281782156020867
2.006291323140997,-23.078955419084675,26.281782156020867
1.9897229293945595,-24.47486027593107,25.77009918136275
2.2962808781807293,-21.770470570599826,24.342889549426296
4.313543100433618,-15.228046328175582,18.52621172964258
13.67455662301045,-7.377137237266491,12.063236374327346
72.46019242759822,2.436499126369873,6.892856090075155
16.641424241989117,9.699556319148739,7.108344847000585
15.674626455098041,12.428735310283496,5.726012008331663
21.314082880006833,15.59390462622178,3.2655448002642897
26.106549421972744,19.678499220816374,2.1126897368837336
128.66665028660202,22.001433451847525,0.37331748018624494
243.0260743080985,23.13774924132121,-0.1879409059332362
48.87194525085306,23.13774924132121,0.9345758663057261
243.0260743080985,23.13774924132121,-0.1879409059332362
122.34771473351682,23.13774924132121,0.37331748018624494
31.30315619541464,22.56959134658437,1.4958342524252073
13.539483554656595,20.865117662373837,3.740867796903132
10.202457665285063,19.09498570730286,5.571254927025401
9.189949435657997,16.17741813973529,7.300537522096236
11.433884485983095,11.229290865839053,8.688209046184479
19.96332944697657,6.431513088061274,8.688209046184479
35.0135921455208,3.432901976950162,9.280648453755044
46.398412786946935,2.2972706048630234,10.764542333721776
94.85071834039061,1.0635563191487376,11.373908581508642
562.7079399219529,-0.17015796656554835,11.983274829295507
45.09058457791687,-2.020729395136977,12.59264107708237
24.208705169442908,-3.7637646897165062,12.242845491607861
16.733900130199117,-5.7218722522798355,11.983274829295507
13.139343194650928,-5.583610275931069,17.105672845643262
14.097669256071859,-20.038980367908092,5.923040678429958
6.676617076185343,-24.176080464726017,13.094319455001074
86.33231644824343,0.5790544877854003,29.752420560409913
8.23110787796247,6.414018121930994,29.256142991768737
4.043355349014252,13.05709504500792,29.256142991768737
67.89576991990108,2.189674774717989,15.88940519515063
4.6275228600348,14.194815705673527,20.37883290260684
7.420665081460646,10.287408217278964,15.941021587516488
8.075473643836396,10.287408217278964,14.648426516453442
4.78177362203596,13.73691842484535,19.721451196071136
5.416556852821417,19.678499220816374,10.182675180547625
13.841399143508918,14.572861088727784,-4.236002605921819
7.519725261147444,11.736558258239329,-8.92207738330998
8.13917992917094,9.131315738167466,-11.027290229366734
15.653556192531337,5.3856270461745925,-10.13518649407126
48.17129938429811,1.6750931493792878,-10.368366331122697
54.51001005470215,-1.8839903842815142,-7.9804589904324095
31.06049989340759,-5.1967750750940045,4.878275875392557
12.561700714908786,-3.080108408427338,20.351399226059037
12.06742432408984,-3.1417105765958837,21.184983584031023
7.489926474661987,-4.773441741760671,22.02416931802298
7.8790810160726465,-4.0053105765958845,25.45054731853908
16.32942586908197,-2.1093616449961887,21.590523566004677
16.489770989628553,-2.5565194118829098,17.9737752045066
14.82871844402354,-3.3712363930149847,15.156893493039014
9.324878298329597,-4.73277730053204,16.24918658024588
9.714252255929578,-3.2486459787235313,23.13686119867189
102.70755399083794,0.2791869851822466,25.008826392182073
52.8688709651467,0.689342058707515,20.40564475086355
59.69494753801289,-0.9099172005517443,13.691331465063831
29.541061107649107,-1.6484915862463252,14.725770960778718
409.7632436242349,-0.11028757092211468,16.45604870039313
45.076546348066465,-1.2407987513998984,12.596562814752746
12.088847403565293,-3.337758813829904,16.587762053065507
7.263358866183161,-4.344844734914659,20.861104359458263
7.266068197041965,-4.417258813829904,20.853325787573564
8.613156922210853,-4.492127607284648,17.591887466593406
9.480026694886101,-5.136925480496571,13.744052896726803
7.217671208907778,-6.114516866062201,14.917286040881464
7.3305561789081155,-4.698779161144167,19.11292250105332
14.721847666520233,-2.9291070299966266,15.266922412562451
10.222810130235594,-3.8642147433300673,16.136405426293184
12.924101498955778,-2.185411755319261,22.93261446185058
32.18846004027202,0.948620502745255,21.212629085032813
19.836747878945708,-1.5646699801660033,21.92974889151685
7.05687486600075,-4.126195403894817,23.375702699824668
10.941413804138636,-2.3361298074102455,27.088221161077897
10.28484121126198,2.4195745195034304,26.89620774479331
5.920746210124246,3.9919736408656177,29.29454723065103
3.7214541277484363,4.656177477461116,39.28119459121064
2.593249684317284,5.919253625741079,42.88819577536052
1.7282274159274427,9.104663461806654,41.83928666031756
1.9243128687121378,8.176907852836765,42.53660810465619
2.02948082617698,7.6889257568886205,42.18892303199855
2.508225104503602,6.119906291020438,44.342032920288005
4.801984261299098,3.3324519233366003,39.83398172911573
3.424205031013007,5.304444862034466,34.546115429980105
8.502074614123648,2.6470550979397753,28.323730382030494
27.696951563773627,0.948620502745255,24.652599838668348
13.270302865972443,2.460584257122133,20.84528353528599
11.84977060080051,4.218741186170098,13.388589252184463
22.504104507182632,4.736456399486308,6.495844511728658
66.61591607336499,5.298241186170097,-1.8963474631360733
22.19075926158164,5.919253625741079,-5.011987144934868
20.107809410415534,8.261362438229126,-3.89915741650655
6.971988680933704,12.091846309196868,-7.683125245505631
3.318998424537174,13.400694862034468,-14.107970916752418
2.9272478483465525,13.882418693679499,-14.532667843563472
3.160967126326347,14.411063873860087,-12.594033142851638
2.672766501770266,16.640767199580363,-12.717044206650069
1.8921086564567993,15.00184207082474,-19.38051762757701
2.405904892610938,11.452800974934329,-19.96484142682469
3.99901480118994,8.212222633387782,-18.8127295193886
7.091568991860646,16.254544502182128,-4.466498117770609
8.305795080628757,14.783304820392285,-4.247519928747626
5.722467596194776,13.904006636200084,7.108815404443717
3.23695595197944,13.321734411669786,14.110337381307719
6.80202664766926,8.742037441972816,10.232552168118577
45.16730940007371,2.2334534026185513,6.124412313120038
43.62101292968498,-11.777299011524923,1.085687781454141
3.1000787426639187,-22.219942677305056,-7.4742674177442385
1.5689057870226732,-29.034821298675368,-16.63362867923801
4.542826183335166,-11.730134849507175,-18.380863608887143
15.420930310550244,-4.466888220744856,-14.574821464601264
1.251587497353057,49.594018121931,-24.883704407756596
1.5502475305658825,34.37384203343446,-21.531868798982085
0.6695646219315925,50.82076164053715,-62.1143042850094
3.079829194307128,-15.948211387965536,-12.774982249718652
1.665550417183742,-20.067694460146182,-17.932829852055505
1.138113477481605,-34.951500505785866,-17.71139003569923
1.1463062168096676,-33.294917200551744,-19.485275358887716
1.1553622793484775,-41.43207671369119,-18.23753657944639
1.196035623896767,-33.97664704878956,-17.03830023038476
3.057300586351663,-31.85322184042564,-5.89100441719612
1.6666176583476837,-42.900813014817764,-10.029732855562685
0.5548159514075374,-76.54876888677838,-33.77020628632984
0.32894844488475244,-113.71972055186215,-67.09579300327982
2.204516362051213,-38.24159214716324,-7.9392294203558205
2.150513667996032,-37.52192548049658,-8.294693064898158
2.2093521128709654,-38.15789031914906,-8.073792630870326
3.079962107071549,-35.26686336822249,-5.9631398686878665
4.286119981277337,-35.6150891746741,-4.2431544918701025
3.756804736459491,-40.63307945315429,-4.615361026244673
8.605980424986049,-41.01185138297884,-1.996155224353761
3.14593348353775,-39.030418505406466,-5.361623516615857
1.918015661646,-38.74912143273862,-8.715116471596291
0.49953995564402087,-83.14382115319178,-38.675743787591024
6.967549812704109,-62.341560210233204,-2.2012625979910503
1.9057620321293107,-48.58728997947007,-7.608739085548572
0.6040877041732962,-77.27730082370842,-24.57870003791641
0.19933449350563148,-156.560325225282,-75.6947573398753
1.1421414189091699,-85.265162612641,-12.12853850599201
2.161741582062226,-60.76245806020839,-6.504919485979298
1.0954011188721715,-58.596990183954055,-13.034343665190232
0.47226849365511947,-87.94501705902562,-31.190115957734697
77.37508132608413,-72.67296227768705,-0.1831219083452045
8.030536242045603,-54.089529400572964,-1.777942867608156
1.6256030658812803,-54.291047713769714,-8.585395217902056
0.9120252913431459,-65.8867165643135,-15.18873030168663
0.2951564511721708,-126.73931089665686,-51.120604192975094
0.565429771661457,-96.988121683786,-25.251296182476985
0.49823993194196803,-101.22305460106409,-28.438251618194766
0.5119523828140057,-101.22305460106409,-27.676543808461183
0.46791278183572577,-104.97205662332571,-30.281439406740507
0.45601715475425203,-104.97205662332571,-31.071358616834587
0.45601715475425203,-104.97205662332571,-31.071358616834587
0.44471137120628706,-104.97205662332571,-31.861277826928674
0.44471137120628706,-104.97205662332571,-31.861277826928674
0.4647222062220714,-100.45198317249266,-30.723375047395514
0.48896761893983054,-100.45198317249266,-29.199959427928345
0.5020644316079838,-100.45198317249266,-28.438251618194766
0.5343065016526679,-96.988121683786,-26.722180228859077
0.48524288486667866,-101.22305460106409,-29.199959427928345
0.45570860151973136,-110.67021264729979,-30.62580943497898
0.9267828871191194,-105.07841174392125,-14.7275110429903
1.8903476604904512,-67.92105880999522,7.273849434014913
2.4084364426712033,-53.31027730053205,5.585277243975737
1.9537906760860952,-62.84557601565651,-6.1709251795012685
0.8291822288720858,-101.67151762765982,-15.878458840711641
12.650880271435973,-111.5005972626844,-1.0949835806924328
1.0247897841565043,-66.41477974022779,13.721794614085232
1.1414167545580076,-57.54851057659589,12.227299741564105
2.2397632074545135,-66.37739838249533,6.139088370853652
1.3787729520344838,-64.01031691489376,-9.286243807118549
0.3432717333084883,-135.992168039514,-40.964500063194016
1.7033186718125062,-144.21692994427596,7.784799759755204
1.5752614125735982,-57.84174548632234,8.994743626487406
2.3291736861681405,-56.39456301481777,-5.459485997161195
0.7797285324838039,-95.31704777593107,-16.885538163717815
2.4087987463774168,-106.57131588258497,-5.793943893823887
2.640490769438321,-73.78014176486654,5.285549546152304
2.0913194965570403,-65.8867165643135,6.623811522502295
3.001675564149779,-64.90234508510655,4.580809606665331
1.5266373981079062,-60.65344174176067,-8.503884860318992
0.4867086925959974,-95.91418429432647,-28.67515004423581
0.7675195519681167,-109.83982803191519,-18.321298662359588
0.8343980959360472,-105.77168625295535,-16.85281283514107
0.7554571538523771,-116.82422115319177,-18.201037861952358
0.8274847206420711,-117.68782115319176,-16.494812368149134
3.215338641257938,-109.76983440110348,-4.214105473635718
1.0137694286962045,-69.65452509340963,13.870959749588408
2.739501626689324,-54.2688689268385,4.738945409080012
11.118612305965865,-126.86661494680884,-1.2940715044546935
0.7989105272544554,-76.85804023236302,17.21106906377068
0.7985813298774691,-62.59990486871902,17.091816066618463
4.963133614219073,-56.92027243561042,2.493911864602088
4.799498680394347,-73.53834508510654,-2.528463284181431
0.8123027463497895,-113.99175110883826,-16.68069722601033
1.1434273685295253,-123.49106370124143,-11.850141548686945
1.5121808775663244,-91.12016754029679,8.831748696669726
4.194004001685643,-67.35876201885897,3.230749460961796
9.702791789847435,-72.81403728853157,1.3863829656623872
69.69100655821397,-80.68582510350795,-0.1930203898773777
9.319761558746265,-86.53015796656557,-1.42278262201553
68.69737852843622,-81.85285213053498,-0.1930203898773777
36.454071241354605,-77.65526996999473,0.36374523710454637
15.308373559211722,-73.86720802023888,0.8661922663321364
6.83396876396416,-75.17413822074487,1.954238006617454
6.83396876396416,-75.17413822074487,1.954238006617454
6.785250692193822,-75.71388822074486,1.954238006617454
6.83396876396416,-75.17413822074487,1.954238006617454
6.785250692193822,-75.71388822074486,1.954238006617454
5.407897497760638,-74.63438822074487,2.487433473430961
5.407897497760638,-74.63438822074487,2.487433473430961
6.954881959498668,-73.86720802023888,1.906573664992638
5.407897497760638,-74.63438822074487,2.487433473430961
5.369068816202028,-75.17413822074487,2.487433473430961
5.369068816202028,-75.17413822074487,2.487433473430961
5.637522257012128,-71.59441735309035,2.368984260410439
7.346516421261474,-69.92943090301847,1.8178958201092592
16.170399208854526,-69.92943090301847,0.8259042539445951
1.3787729520344838,-64.01031691489376,-9.286243807118549
0.22991656627912954,-225.39212740248286,-64.57860221974276
4.133750396085715,-105.07841174392125,-3.3018938969865754
4.133750396085715,-105.07841174392125,-3.3018938969865754
2.7833163065794864,-119.41502115319179,4.833006304391149
1.064407547677217,-63.94278952955099,13.111937075681443
3.7888544024376607,-51.418123423439255,3.3792857754088503
0.9604148756467786,-127.84797858317248,-14.866319750616691
3.2887355374355542,-85.90016261264101,4.180969890656441
1.2366516908169765,-77.42619812709985,11.037226816456387
1.5816701014846353,-75.99450073922551,8.566752418850811
2.3418767971309187,-68.92524485650685,5.785862084767916
3.785157541857668,-74.63438822074487,3.5538244070579745
1.5418291327939668,-63.16191057659588,-8.247406184074567
0.7913464436751995,-81.11138822074486,-15.64121239822828
0.3505793879146573,-140.104548991895,-38.9332792372378
0.5266068824013594,-141.1326442299902,-25.730343868522382
0.4880768183218568,-141.1326442299902,-27.7615646944786
0.4799540260271666,-133.73616040135428,-28.438567996778687
0.7306399795577712,-120.79231370124144,-18.959414439533706
55.83404298087396,-100.71053547688946,-0.24626739398148192
1.0738324572945361,-74.09463822074487,12.618147342887594
1.2053013971147253,-68.92524485650685,11.241815698673571
1.3892013359303257,-66.65399038428151,-8.850982201556503
0.29854920251785655,-178.48972055186215,-47.1009629977733
3.813104317648199,-105.84948317249268,3.5534763906156592
1.8596510924929288,-74.09463822074487,7.286192674752525
3.349404200222909,-73.34062265438523,3.987336462313641
1.417308435652885,-65.33215364958764,-8.850982201556503
0.6349379831436394,-104.65985576870305,-19.4942153953739
0.9506493705944236,-71.59441735309035,14.048504009658688
3.69940178134742,-69.39199018395405,-3.259093440275937
0.8556438710692204,-134.71752403771794,-15.835766053913975
1.3543762320021255,-109.76983440110348,10.004440308057802
0.8138096240280485,-77.99435602183671,16.649810677651196
0.9224740638814997,-76.54809048281525,14.582291018798069
1.0660665857888911,-74.63438822074487,12.618147342887594
0.9647259297725551,-79.13067181131038,13.843518747053793
0.8783402919589844,-83.52682024527208,15.205042529460677
0.9972738765290459,-76.54809048281525,13.488556727898567
0.8688840011706656,-81.26933861702148,15.370522965760125
0.979031314723503,-81.26933861702148,13.641240370689292
1.014939513525285,-81.85285213053498,13.064812838999012
4.353115939851977,-64.89671337935732,3.024531410262106
4.305778838074736,-69.03096869850629,-2.8746524778873335
5.923586671145058,-95.31704777593107,-2.2226628263463697
0.7970148798041494,-133.73616040135428,17.12540825819373
0.5320033348007895,-93.96767277593109,25.10360484784587
0.8365681250352648,-71.08036973404273,16.079724835614908
90.12297085191463,-62.39337555441913,-0.13734143125890338
2.9262948480041104,-87.72487580082765,-4.345457920367916
2.4169452992562745,-146.03027644148972,-5.68904238940822
0.7921217884842557,-92.61829777593107,17.105672845643262
0.6964280791761936,-77.99435602183671,19.456102608248603
1.958689981198366,-61.36664344550601,6.8184355986771745
92.70828175562409,-60.65344174176067,-0.14003440049927401
2.2411615515988488,-68.11224529425095,-5.597352733956306
1.1774570334959031,-92.25016261264102,-10.873960937019053
3.44615687721481,-126.04415342738238,-4.019696918070613
0.9257492089537449,-108.97020477147386,14.74395556862231
1.1157906554957573,-123.49106370124143,12.143654457920873
0.8925988437502769,-119.41502115319179,15.070359267210485
0.5878352738806158,-89.81168269181194,23.050294478363252
0.5841704992208201,-64.899468018039,23.027156069598938
0.8614042763173367,-69.03096869850629,14.36911581054949
0.5889733922429093,-119.8927303679081,23.69622290554686
0.5071629265976157,-76.28988233762618,27.31372001392134
0.5598903073503048,-66.37739838249533,24.558568133502078
1.8772371340227996,-56.78009872910348,6.72783895857611
2.6420132404165995,-73.7376256552226,4.684918915907724
1.41302282673962,-114.23342115319177,9.951682785800816
0.517065590183271,-79.74472939513699,27.826797271754
0.9078622842609537,-55.06464597872353,14.605733729655778
1.2647376585794474,-75.7067983054713,9.986062357746254
0.8680011865201459,-104.97205662332571,16.32379398881048
0.5056121504642278,-78.12932024527207,28.238709496013076
0.592883779376263,-60.303096358080744,23.8985667067909
1.9641041340192777,-54.2688689268385,6.609806696144949
3.2333277994128053,-75.97354948365353,3.987336462313641
1.1155320383888863,-115.09702115319178,12.51102102650565
0.4703024840334703,-83.99516261264101,29.899810054602078
1.252866269659385,-52.42924625135246,10.362118425054327
1.424499735299512,-79.31603920076397,9.11361956430056
0.7944307565781388,-126.98284907955627,17.30812175446967
0.4908637477683186,-87.84895541908467,28.220674762615438
0.843363503563429,-62.59990486871902,16.184249314595473
2.702332399653723,-65.33215364958764,4.642127570866942
2.6296745699929414,-107.42885096099315,4.7384325427439675
0.5662581908798187,-178.15032522528202,23.416870608988376
0.37887595915993494,-116.4829049549921,34.99824801899113
0.6475434472847849,-81.53039817512294,19.504095327845828
1.3785600387830004,-117.08915616654465,8.57903688431105
0.17213861426147867,-275.7687940691496,70.4975827063457
0.27959440789087386,-147.4752513104452,44.269904750517725
1.197874219906792,-94.32182024527208,9.873087861325608
1.1768932680034547,-126.32382115319176,10.804795532702428
0.3821421264536374,-191.98347055186215,34.211345691286525
0.3320314867087636,-118.97405880114593,39.099751609864256
0.43871782241919605,-77.101680226405,30.441438236840845
1.14560973589769,-64.04010840842734,10.732971197266359
1.1623092221362323,-103.41329777593108,10.440729510474423
0.3512781189103734,-180.69032522528204,37.21722386769091
0.33176850029973565,-112.0180546010641,38.592035638360414
0.6833060572611046,-79.49213822074486,18.483297477836174
1.1607661200074029,-103.55077360090286,10.124343767732775
0.35137312326492337,-287.0995935299813,36.18970912298204
0.29800530164937056,-122.2955972626844,42.38095448256276
0.9607103979720529,-82.81915923975109,12.310387651597656
0.3589165804634459,-266.7729607358162,34.951218252111886
0.24172489776462097,-160.06377644148972,51.89606802645055
0.765980269504989,-88.85501429269715,15.946950497450404
0.8888566642634677,-219.1757019219863,13.742428819995991
0.26469559701734396,-266.7729607358162,47.39244581109372
0.5553410471596931,-100.71454777593107,22.43762751377833
21.67582548360615,-130.59944341653056,0.5456178556568196
0.5095375030728928,-128.91462115319177,24.45459948312821
5.932978758444443,-95.16615796656556,-2.0321488698023953
0.33438535797514907,-198.73034555186214,-37.77004232853693
0.5040495045189118,-294.9505026208904,24.556353483414608
0.2511243831278359,-216.29703525531966,49.288793274229796
0.29046780778339965,-148.45661494680883,42.33101214392316
0.5586698031394077,-91.9229313563832,21.721876012736875
0.7536477098864782,-110.23146867192885,15.5934862917085
0.23453378956378682,-152.44169184903782,53.4872683437701
0.38297237701508857,-88.32459802304984,32.97822475657758
0.6558562058524366,-82.81915923975109,18.032485344230412
0.34592532501346135,-171.897133096305,35.54465489978032
0.17962073233390122,-164.65475160165525,75.43548003428418
0.47381446839265673,-64.44428185062073,27.39964590150072
0.336147813242842,-115.1023403153498,37.06862001889325
0.23719537455572648,-137.6616149468088,55.90326039008515
0.31019387782577007,-85.90016261264101,44.32745209779109
0.42551591353364326,-63.518628272974354,31.612884098986317
0.5467750114065288,-66.65399038428151,22.48785339891085
0.41456477506238426,-97.33016261264102,29.272521270115597
0.2608711198951269,-151.42777644148973,50.82967709282353
0.1866053158712377,-142.79177644148973,75.35666856624485
0.4135597522912529,-64.43012019195206,32.76376894184559
0.3598114578585038,-99.36517277593107,35.10101985059912
0.2683725682688683,-115.65252033960746,49.763660946134394
0.34644231241135814,-73.78014176486654,40.28504685493636
0.4696509333405796,-60.13931057659588,28.436441932694716
0.40559663817331326,-79.13306167877548,30.51706212815643
0.23464322827147352,-126.04415342738238,59.036462635526746
0.19696700015324003,-119.99706949226339,77.23107906262544
0.4195712367486496,-58.536775075094006,32.06078986980664
0.21321357114006836,-123.22806647086064,66.45483434771468
0.23646707278826384,-101.22305460106409,59.9198543109007
0.2670914918261211,-74.470162612641,59.38238292546658
0.4348181854259595,-56.484176459810996,30.27963487703961
0.3381486720052172,-83.52682024527208,39.49505823985378
0.2832814368935615,-101.22305460106409,50.017652784364145
0.23664993724256167,-99.87521264729979,65.34937459145229
0.29391895089991754,-69.13348691193873,54.89848283668843
0.29138548346680254,-95.49915616654465,49.76379018300953
0.243266403034814,-106.51828957037672,59.60726956422992
0.291441426362734,-75.41834935847862,55.36517125493944
0.4798841985853307,-57.14255714773198,27.631655358109747
0.23763468532434412,-115.39481370124143,61.01990558249235
0.15636814102055716,-138.94397520156815,97.28307737292326
0.2699430487796727,-74.470162612641,58.755094140980106
0.4047537936082211,-66.77685932238684,32.30012070983385
0.2473380361106444,-112.50622115319177,57.725996612291055
0.21308386181633981,-112.33098187806903,64.52907387327767
0.22523933822774356,-94.28341174392123,67.53693240823651
0.26200354734497633,-76.72683420696347,60.53555153919162
0.3836813379421814,-58.65664478518836,34.3152887320754
0.288200926252135,-69.01555483323769,54.56759512069902
0.2715867712462309,-79.99804632817559,56.01146879047095
0.17858434234056958,-168.25308493498858,74.25060121914305
0.14570419233206527,-206.2217019219863,89.10072146297166
0.16803147563349816,-133.93597756332355,84.97119114609146
0.19372405825943387,-122.00582115319179,67.96334957511039
0.14899077464961102,-169.26032522528203,93.67321447147401
0.17175408615699073,-109.99731370124144,88.56833803452353
0.3183274877124817,-75.19275068642366,39.94656954060046
0.2895170120023312,-87.10447375215661,43.03904448689346
0.31142530140691027,-80.9768084315332,40.831914000386114
0.23944498303656075,-106.74921060741272,50.681187978790895
0.10902298889749236,-247.91273298690726,114.29273481941206
0.10876841817052833,-211.97903525531964,116.11595844818936
0.2654704486528105,-98.97107663120589,46.317005757498094
0.11226131028640343,-210.53970192198634,113.27224929185064
0.21448521130726045,-103.68846651137223,62.26630457725728
0.21235568848761507,-127.2779049549921,57.14636740970603
0.15699954337551641,-162.8066067805155,82.69035933381673
0.12074014041903544,-211.69896634498537,112.22263052446557
0.21859088054317563,-115.3672418085109,58.97943133389104
0.34830277884855293,-90.60555483323769,34.39263151153929
0.24372075467841844,-146.69545777520847,48.83620153126835
0.3130231204129549,-90.23130082370842,40.62348847527817
0.27362042323740726,-135.82342115319176,43.223079914963655
0.15833143541443334,-196.03159555186215,80.8659490374684
0.09969344917685866,-263.546866257254,138.9510172724943
0.3631886634508489,-78.95238822074488,35.01235694905489
0.3205775263632488,-107.44566222031595,37.60929911497588
0.160690774065459,-222.49396634498532,80.23090251565516
0.14392067412523682,-170.65197382387748,90.83890463111882
0.32329055403668555,-83.60339267107553,40.156906828442075
0.29642904293282807,-114.11122513206189,40.938485904717
0.16513141797634065,-181.96032522528202,78.61828364379852
0.17040945438379002,-146.03027644148972,80.68862323437992
0.3858644225083506,-79.13306167877548,32.07763422614718
0.20350611245130573,-166.21555414893658,62.48505743351542
0.14340735249050654,-180.69032522528204,91.1640593335281
0.23857972285707518,-102.94398375275154,56.38276839172893
0.37568741284512897,-95.16615796656556,32.09236100626206
0.19961862698459748,-169.45252937943306,65.95644951315516
0.2109963205209461,-121.14222115319177,62.84467309370072
0.24183805332844935,-97.7326044424067,58.58909446130206
0.4685439029069884,-66.24344851728739,26.955316345822794
0.20719706418717046,-123.3635381048072,58.18951212379696
0.19087647780735867,-128.67141826832193,90.83890463111882
0.36159889696680764,-128.05102115319178,34.691952445947535
0.48335088423316036,-81.72765357860541,28.238709496013076
0.8497481294157545,-50.746645978723535,16.932404857569264
1.2890203063327648,-44.71859214716324,11.611271029472773
1.3995296215460564,-36.69416150558974,13.254026041669958
1.9699710149728282,-35.84500866934089,9.323104093985652
2.9180757689759793,-34.57041175531926,6.420754844400039
2.0301069817167567,-34.78320539065237,9.323104093985652
1.792285625737271,-33.177508529512814,10.892716824126227
2.244123005864053,-31.466023887965537,8.886083589580075
1.9818873466635416,-30.981931212766067,10.061855760358242
1.672619100953397,-24.123637561770877,16.05267295457952
2.304671303259471,-26.642713587373677,10.721649580709602
3.709481465868084,-22.39550047261958,7.924558607261697
16.23540068607294,10.874335592954196,3.728922147089839
12.235381448167328,15.922330180164609,3.324781166128062
9.356131754148393,20.822257362034467,3.2208817546865602
9.2384851971742,23.521007362034467,2.8876345879281184
59.67041603596981,8.60958824468074,1.2607987139467445
16.284448331116906,-21.673880687743583,-1.6025471519459773
2.3275628945134264,-31.520081306320503,8.04972839794977
0.9727611308253546,-59.257274495947485,16.58753004210396
0.6354603945629251,-53.23051057659589,23.744321824735856
0.7514445227722419,-44.22008130632051,17.772704557490194
1.2744259677792842,-48.18067035527915,12.340011781571432
0.7424417770663672,-54.347233973995436,22.117016070754005
0.9168853156682417,-40.53294490206023,17.152015839271296
3.8440547242197147,-35.84500866934089,4.777831262132803
1.6753079283314238,-22.630081306320506,15.577193811787518
1.7407487187477213,-21.34946967430453,16.624261505755253
2.9833464877942846,-19.321648887965537,10.885566590130725
5.392870812114696,-17.75478073984537,6.354766954929435
4.581145659141951,-18.134261624325287,7.214896642432291
3.3324402639440174,-17.297586387965538,10.885566590130725
3.918034295856772,-17.371258813829904,9.833952806761083
4.038390347340087,-16.853543600513696,10.173054627683879
1.6412555605013277,-20.609758813829906,19.78693485394655
2.409789149253021,-21.310813014817757,13.964063151045133
2.837127432502054,-20.959076759827024,11.446583781285188
2.6227854123097813,-21.325008963216856,12.169560685439098
4.529859849570215,-15.025009615087171,10.727948516466636
17.987560143155907,-8.9736701576749,4.442715529375365
16.491442687707007,-7.785517437793123,5.3012800959769715
7.8554196068213,-8.664233255686108,10.173054627683879
4.838790276673071,-10.331325067189374,14.093251844404698
5.574027702031143,-9.744741586246327,13.202355341311552
8.349471191173949,-9.529373251450805,9.176834431190978
6.256255077672057,-11.286884443389184,10.155524102377226
3.4035329917559536,-12.66973688781444,16.932404857569264
3.566908546928734,-12.66973688781444,16.15684781493143
4.729567986153076,-12.982728575961303,11.474046042513786
2.8578711087661466,-16.201958115759226,14.699979849977773
1.9016295877138947,-18.450758813829907,19.07600756486187
2.109726754385279,-17.970267738444733,18.262916882785365
2.557264480492506,-19.043079453154284,14.467424101817683
2.6845862233919955,-19.12941574287787,13.254026041669958
2.3794929325356344,-19.459233255686108,14.953427778425665
2.1618619881749788,-18.66430752332972,17.460802161121585
3.0928366744048916,-17.069920157674897,13.583209246178344
3.287844542494381,-17.011425480496573,11.966734674015111
2.721882893209245,-17.011425480496573,14.454980185811477
2.4506868118877256,-15.470093708979565,17.95337591867036
2.1510567091225563,-16.012904014557794,20.45418022042548
2.2295806951065846,-15.73681946258266,19.73380092916745
2.313656682987161,-14.620095324651627,20.4692429523585
2.1949050296490205,-14.876588225084111,21.57669699266444
2.0889674686359507,-15.364578083272315,21.572405987145064
1.9267395048624483,-16.109060841893005,22.30784801033611
1.9723149257768866,-15.73681946258266,22.30784801033611
1.8254217702352082,-16.201958115759226,23.014214247747717
1.7851039870032732,-16.567890319149058,23.014214247747717
1.7284713166359875,-17.66568692931855,22.29123734359381
1.7095853399943615,-17.29975472592872,23.014214247747717
1.6741724894864745,-17.66568692931855,23.014214247747717
1.6171938037518157,-17.731092147163242,23.34157129936993
1.561251433665292,-18.090925480496576,23.697034943912268
1.561251433665292,-18.090925480496576,23.697034943912268
1.5381782330738158,-18.090925480496576,24.052498588454608
1.4862158526185705,-18.450758813829907,24.407962232996944
1.494019040933924,-18.090925480496576,24.76342587753928
1.4820820203078717,-18.50222178409499,24.007831704587158
1.4542629969803327,-18.856156210324496,24.007831704587158
1.4274690713731513,-19.210090636554007,24.007831704587158
1.443694906958921,-19.564025062783514,23.308558961225177
1.5117240429837193,-19.564025062783514,22.259649846182217
1.5582903423128704,-19.917959489013022,21.210740731139254
1.642579702244453,-20.593144556437192,20.122306631132084
1.6442781065055008,-20.948198772927487,20.101521940762975
1.8804179682127788,-20.57595739361714,17.89519587118984
1.9673221316568164,-20.959076759827024,16.507422110362544
2.0093849534556742,-20.979762767701548,15.61655878424344
1.7363230906595823,-20.98960530370636,17.772658331397285
1.458936554650576,-20.27189391524253,22.259649846182217
1.4682146625645125,-19.530258813829903,23.34157129936993
1.7665014282492373,-18.810592147163238,20.142398498488888
1.9919413130181183,-19.831474634996454,17.52747485959432
2.1649741540206655,-19.917959489013022,15.266922412562451
1.922363778949661,-20.98960530370636,16.05267295457952
1.3424485678299867,-22.38250852951281,21.556626160396366
1.1731774491514495,-22.39550047261958,25.056740819630118
1.3855615447026393,-21.686056916609587,21.556626160396366
1.7347475048023604,-20.609758813829906,18.720543920319532
1.680182343067854,-21.690941166606688,18.676352822824267
1.8213224325734738,-21.689258813829905,16.943225697607843
1.7200390639880463,-22.041566046390074,17.364740642648382
1.748236425692769,-21.686056916609587,17.08466418067018
1.68056076274257,-21.686056916609587,17.772658331397285
1.5923599291675672,-22.034282723061196,18.46065248212439
1.5389099290471626,-22.38250852951281,18.80464955748794
1.4845940011756593,-22.38250852951281,19.492643708215052
1.3883478668614981,-22.730734335964424,20.52463493430571
1.209283954534713,-22.034282723061196,24.30860276330479
1.211557094863772,-21.686056916609587,24.652599838668348
1.2977595680712466,-22.43716429016887,23.778732056718198
1.2753844031045012,-22.830798751399897,24.19590279455536
1.239401146782873,-22.452026821575334,25.31841956679432
1.2771502805523967,-22.452026821575334,24.570075051968345
1.21883899434548,-22.830798751399897,25.31841956679432
1.1630783794923754,-23.23849158624633,26.53224201164923
1.2137901801992534,-23.624027300532042,25.008826392182073
1.4828829981024716,-23.66100961508717,20.810190070758406
1.6350196712380043,-19.301398682033227,23.565321591239886
1.5207589610857988,-17.77282779690535,27.014646411861033
1.356408365307915,-22.152153649587635,27.27573106009336
1.1920188499838793,-23.004510576595884,29.28955467959633
1.0787790726865087,-24.355214874077436,31.19308551015178
0.9737058548180139,-24.898806089440633,30.674594482086647
0.8357948382168822,-27.586464160541713,31.667988667688
0.8351082150158137,-26.016282342359897,33.60688127428257
0.8171506251763292,-25.69843571907026,35.414109742651156
0.8242119279194128,-30.59677507509401,31.22440482382467
0.8139723444124931,-30.173441741760676,32.06078986980664
0.8601439777007641,-28.186110576595887,33.128562040653584
0.8156589771176701,-28.617910576595882,34.408231161006
0.7936954927396597,-29.04971057659589,34.83478753445681
0.8059346022380618,-29.32677507509401,33.3153674387796
0.7679608629413389,-30.776910576595885,33.98167478755519
0.8387967593574868,-28.903441741760673,32.478982392797626
1.1961147612276086,-19.043079453154284,30.93100342798913
1.1561576365228556,-19.70121349684804,32.649392507321856
1.152510384958993,-22.483373251450804,28.177981975817772
1.662958235740149,-18.66430752332972,22.699213764903405
2.142885630463646,-16.684384443389185,20.05772562891379
2.1138706188370593,-13.361500505785862,24.944247309381332
1.8701556493279372,-14.247853945341282,25.98505812629133
2.2034814624821495,-13.214563014817756,24.627972487315276
2.5740651433700465,-12.057955871960612,23.10455686784811
3.159429463522981,-15.025009615087171,15.381290772293605
3.1625977015722397,-18.226527300532045,12.440647531577971
5.215273262752028,-19.34300961508717,7.237941824596407
5.974427446618166,-17.84099158624633,6.72783895857611
6.264660721706635,-16.10288016351471,7.371977784311155
3.217859109797197,-16.406708091128195,14.35207014690542
2.2414333279458685,-13.847373251450806,23.524639719990805
1.7287935773787964,-15.634132084733231,26.066764081620292
1.851485461195632,-18.950464160541713,20.810190070758406
1.841683634947677,-20.17939524262797,18.95749119077353
2.954205658953268,-10.682454158832423,29.59365967271986
5.718477646378444,-11.099555069632624,11.503505559104463
17.666353712028126,-9.13682779690535,4.523492175364007
53.74520565104162,-10.5054727561073,-1.3171335267237745
6.846650710498416,-9.70584312647767,-11.19112365289983
4.579586739244865,-8.506398682033225,-19.090315753840677
3.7528582592188258,-8.906213496848041,-22.249992594217016
4.042119157627136,-9.074255260939514,-20.657745409905992
3.407519877387114,-11.92576469490178,-18.645687044572
3.300490195246772,-14.503620904255449,-15.535679308417293
6.395052813372298,-20.539741586246326,-5.459485997161195
7.03287133364429,-25.10343033034727,3.990600894254037
3.0213598927956404,-28.765267738444734,7.966728558110746
2.521037772552227,-26.997289979470075,10.351529270274824
2.206569329636717,-28.765267738444734,10.908496650874923
1.782459875069068,-30.473314047962617,12.531049137516051
1.748209748938671,-29.375517437793132,13.254026041669958
1.0711595876437732,-26.76969210276158,29.797750594940336
0.9442079252148915,-25.35026320050499,28.436541028902024
0.9323557163146207,-25.35026320050499,28.798029480978975
0.9437877940053994,-26.36709214716324,26.89620774479331
1.0076265463934748,-25.71619540389482,26.267610316440305
1.1296514460774838,-23.92612980741025,25.61733711469581
1.2542009173807989,-24.345886470698144,23.073386022316395
1.3822629191016191,-22.830798751399897,22.32504150749042
1.3242725282324406,-19.043079453154284,27.937625368685232
1.282552236571583,-20.203716014306796,26.720500149482373
1.5057760182476803,-19.043079453154284,24.570075051968345
1.4764098328584199,-19.421851382978847,24.570075051968345
1.6453743648468566,-20.55816717245253,20.82835247783847
2.0696364246067462,-19.086991876375762,17.52747485959432
2.1504352795352917,-18.763483539488043,16.8689105624395
2.456402592219533,-18.397551336098207,15.06146830205473
2.5365263659307735,-18.71475049706542,14.585706766830144
2.57665098141019,-17.970267738444733,14.953427778425665
2.6549361579768562,-18.342509117755075,14.217985755234622
2.5433816930141178,-18.66430752332972,14.841596359230671
2.1758440964499868,-18.950464160541713,17.707961900207092
2.0417125231529014,-18.950464160541713,18.871297464163835
2.38310495860968,-17.30232460795915,18.035887120581297
2.8838691651056774,-15.303250533885077,16.851008305440168
3.3543349481688067,-14.903435719070263,14.876210280204957
4.981959015712808,-12.740481676033856,11.937600108504633
8.349471191173949,-9.529373251450805,9.176834431190978
28.636635081738707,-6.8030263591343845,3.5540764189644802
506.42023641638707,-5.58992421745414,0.24044176689961538
186.44136132541752,-3.0283987937253256,-1.2055120414082006
52.6565275856715,4.290245274071285,-3.0129543017929703
11.734638807656532,9.256407852836764,-6.16191119764413
11.295536447818211,9.616241186170098,-6.16191119764413
13.046426865538146,7.0974078528367635,-7.228302131271144
70.24913514754643,1.3181060847574726,-7.109805375020797
18.392472762879713,-4.20691315602848,-8.238244485181426
7.767458886823576,-10.388392751227604,-7.656639752213684
4.371161724409749,-16.35703664970716,-8.140073042195802
4.617113699634962,-23.52565041185421,-5.281638169409255
11.641650934684364,-30.317623520458376,-1.7504745813563753
19.51712903118605,-36.19894309557041,0.9318311736419325
3.7966218713573014,-42.51527730053205,4.442715529375365
2.1755162469493228,-51.93511057659589,7.1086232601544355
2.8504247680985233,-56.628202741059454,5.293448290319583
3.526039810145904,-50.07010840842734,4.460083352401571
3.6621965480404084,-37.62500813584299,4.483810876770785
4.739108818159721,-34.060081306320505,3.6587069065444178
7.025961171496429,-30.927936126139922,2.640123051819994
14.74658344632817,-27.370076789302704,1.3819074852394229
12.668873524534797,-26.235148293377385,1.70176278323632
5.429893219784578,-25.37622184042564,4.163538671287157
2.187918515027731,-23.471882344858255,10.860938006368437
1.3286471959703383,-22.615007664199915,19.369722057167753
0.9988310447527071,-23.369773887965536,26.88143059453594
0.947968612998175,-23.740722679838004,28.323730382030494
0.945161263038011,-23.81123817753761,29.252377279801976
0.9542202667226123,-22.768758813829905,30.80630783475903
0.8924058335039371,-24.345886470698144,32.427692457641086
0.8747019111623947,-24.838645978723534,33.60688127428257
0.8846047640789472,-25.441260169803737,34.3152887320754
0.8374718001091358,-29.32677507509401,32.06078986980664
0.7476662717945752,-30.83812286288432,38.70531948272979
0.7843042894336254,-29.761989042553356,40.009571117448836
0.8170541806730709,-29.29538822074486,41.94389801763049
0.7403282159026825,-33.61338822074486,40.34431161718996
0.7150917830784216,-37.79680843153319,38.09757827313736
0.6230207532599752,-42.768566548152485,39.66140450854993
0.6477025369612865,-40.56475714948191,39.19131256403686
0.5830870389164537,-44.43988535461011,39.73817970948661
0.5741270143622769,-43.9244737521566,43.03904448689346
0.48103110043361486,-49.75960888729174,45.34475461365457
0.46023942243833604,-52.67717645485931,44.768327081964294
0.4425994074556841,-52.0936629413458,47.074037208725414
0.40362395219636127,-53.82834935847861,56.01146879047095
0.42255291780381576,-53.26068996837282,48.226892272105964
0.4470601866744463,-53.540709134160956,46.604331130700544
0.4365584501809545,-54.140431356383175,47.19677053827111
0.43597584054518623,-53.540709134160956,47.78920994584166
0.43597584054518623,-53.540709134160956,47.78920994584166
0.42120130914369974,-54.74015357860541,48.38164935341223
0.4191257700788925,-55.01123050891336,47.074037208725414
0.373246805344293,-58.20923527593108,57.76182719017318
0.42642291155855105,-54.74015357860541,47.78920994584166
0.48343063816492277,-48.285015109422694,49.15461594429429
0.5348130832697263,-46.53016261264101,47.46389602022349
0.5331840292763312,-42.72016261264101,51.85491751162884
0.5534980747644037,-40.180162612641006,53.109495080601796
0.647644155458513,-33.54683420696347,56.01146879047095
1.3328129542276548,-18.190184294326478,55.214270067755976
2.949643750114028,-8.11485096099314,55.92519735684065
4.630110764729159,-5.236184294326474,55.214270067755976
2.735025491606062,-15.413538104807193,35.28185503106851
3.390831825286251,-9.46555460106408,44.68569811622906
2.9398599567051833,-8.694483172492651,56.111315262232786
2.420642886293471,-11.007697458206936,53.82619183303204
6.679222642224069,2.9779433766742898,74.77781553577273
20.183787887855544,1.37868411741503,53.44999686323245
17.3245931778284,-14.81759770418691,-5.046338230104676
4.271081952147444,-8.532904954992086,42.38095448256276
1.7155935047061353,-13.606052718268769,59.324536484493095
7.313653586453874,-3.077184294326474,59.47983380226404
24.45110959815891,-0.8885654461223934,59.62511193824327
6.160731630036137,3.9865958442001874,52.74517043097222
34.96844603129401,-2.884860275931069,12.440212511025074
396.28087469477975,-3.559547775931069,-0.8896741593126019
391.97281878231126,-2.884860275931069,1.1098088412380496
10.412762494443982,-12.330485275931071,9.77423517695754
2.675354082838797,-8.834517627659809,56.63612464592532
1.429287832651987,-16.536531176660432,51.487386041750284
1.4517192521465465,-15.882288752418008,52.77998111281333
1.5260012277107329,-14.573803903933157,54.71887371940791
1.5484975795511497,-13.26531905544831,59.24295646812857
1.6600794113817685,-12.240162612641008,58.12780535649363
1.6246224690376843,-12.507300823708409,56.46701091773667
1.5954217486284565,-12.875162612641008,57.50051657200716
1.600064009240763,-13.124157966565553,54.638912174376074
1.5155522266202346,-13.124157966565553,57.6857434133104
1.2589626577387802,-15.158486911938729,58.45311928211181
0.8994795029675984,-20.000419698102544,60.3318704376018
0.9237897598045601,-19.474092863941955,58.74418963661229
1.0236801915279656,-18.833392671075522,56.29687771576985
2.069226292159484,-22.377015109422697,24.77996603281968
4.199119245186855,-16.208443680851264,16.858204811590426
7.117972351631854,-14.974729395136979,10.764542333721776
4.457907160833921,-11.519882337626166,20.578619380487567
23.148957574367415,-14.357872252279835,3.452147360279392
179.6429225968349,-15.758209134160953,0.3940573401965919
49.29965912678509,-16.357931356383176,-1.3832608825150983
47.55613364495689,-16.9576535786054,-1.3832608825150983
45.93171832951401,-17.55737580082762,-1.3832608825150983
78.10950362557811,-18.059015109422695,-0.8134163742286645
155.9087658258572,-18.15709802304984,0.3940573401965919
17.719942467860015,-18.756820245272067,3.3562543780494094
13.09643033058764,-18.756820245272067,4.541133193190536
2.8873252953027135,-17.313987918712677,20.59782961874533
6.845212191649196,-18.756820245272067,8.688209046184479
5.6827174549812804,-18.756820245272067,10.465527268896171
2.497331103002538,-12.031791252574006,43.11325232079273
2.476352914155094,-12.330485275931071,41.09946885225108
3.802726414601068,-19.29272939513698,15.639472316016697
2.602987884663705,-12.330485275931071,39.09998585170043
2.5107469836683376,-13.00517277593107,38.433491518183544
4.355034752332697,-19.95626468971651,12.835284899178426
4.355034752332697,-19.95626468971651,12.835284899178426
5.211627078344552,-19.35654246749429,11.057966676466734
6.408241275691852,-18.756820245272067,9.280648453755044
9.412533320563105,-18.756820245272067,6.318451415902226
15.558814359930054,-18.15709802304984,3.948693785619972
22.988351214014372,-17.55737580082762,2.7638149704788457
22.988351214014372,-17.55737580082762,2.7638149704788457
66.68297644530685,-16.9576535786054,0.9864967477671553
22.397671409832167,-15.758209134160953,-3.1605791052267893
7.242491232395321,-15.915825103507952,-9.415860896921826
5.046566865269545,-15.332311589994438,-14.027281150444045
1.7027553691006188,-25.517776856199802,-31.870274391196386
1.8082680385841,-24.028811338958423,-31.870274391196386
1.5653078692971847,-24.886983172492652,-36.81703752526417
7.741853952281753,-10.422750686423674,-11.849561521283082
7.741853952281753,-10.422750686423674,-11.849561521283082
10.722972019886674,-11.45084592451891,-7.787119869370648
4.203116684174309,-13.438859713584469,-18.22973770818698
5.182960564330885,-14.928829706047217,-13.658142172800783
7.382003296144227,-16.633303390257744,-8.606816697725455
12.126802611568642,-16.633303390257744,-5.239266381008567
25.251803842119283,-17.201461284994586,-2.4329744504111606
79.38159461361857,-17.76961917973143,-0.7491992920527174
4.0783674267867625,-15.563226876899863,15.064114422636798
7.754255930945566,-17.76961917973143,7.6696764997395
2.9751611520355152,-15.563226876899863,20.649971694016394
2.8470179988509274,-11.273586537994122,35.74855849298325
4.020025066863988,-18.249879157562006,14.794095434069845
2.6234248493388668,-11.273586537994122,38.79538973191758
2.7085109998571344,-11.273586537994122,37.57665723634385
3.8168904497506966,-20.000419698102544,14.21766790237957
5.032904826934674,-21.17856654815248,9.914710044217424
4.901414467621407,-21.746724442889327,9.914710044217424
3.427902219417381,-25.353764689716513,12.835284899178426
3.283140815433525,-27.752653578605397,12.242845491607861
3.954388901014984,-30.39615796656555,9.545809838148047
2.6264947660683093,-31.62987225227984,13.811373572656102
2.643709264470074,-34.465162612641,12.963012873467147
2.982768288006856,-35.735162612641005,11.081146520007708
2.795683386822347,-38.12653117666043,11.416938838795822
1.9528323714673241,-40.743500873630126,15.294724051984963
2.2363289296889644,-40.743500873630126,13.355831445390393
2.9074087076659816,-41.34204777593107,10.440729510474423
3.321112432675566,-44.76501705902562,8.713544784437442
1.3920033864796804,-40.180162612641006,21.11776707179137
14.812390470601173,-47.696517627659816,1.8947233864052626
8.003667176831176,-44.09818429432648,-3.7926949262721465
7.662082380940589,-43.37851762765981,4.027505253659291
6.406225607162499,-44.09818429432648,4.7384325427439675
27.92076482550314,-40.49985096099315,1.1837960973205865
5.866630323531528,-31.055554601064085,-7.872140755388064
6.585947408664256,-22.573768886778367,9.64713886848431
7.629518497561814,-12.549840315349794,14.97909353661938
7.836075196783357,-8.685622085751339,17.87991419411106
28.94290285343559,-2.6375865379941206,15.03010606822983
3.09300747324357,-19.225162612641007,19.863189502818415
2.316178649802157,-20.495162612641003,24.881499778710246
2.856727574601762,-16.208443680851264,24.77996603281968
2.1608185782765554,-19.95626468971651,25.86895186573082
1.9709928839411657,-20.042250758678797,26.75246162780186
1.5709574922383804,-22.334473752156605,30.93406632139763
1.3102822420620452,-24.085014292697142,34.39263151153929
1.1944569298434389,-25.155671811310377,35.171337419594074
2.140155079685318,-24.668527806210655,20.558370750972628
8.690709039949722,-28.265517627659815,5.449359831828643
2.301359477852883,-22.314882337626166,20.578619380487567
2.4341360500604,-22.314882337626166,19.456102608248603
3.187070925015326,-20.61040865341564,16.088552291531716
5.329373653987174,-20.000419698102544,10.182675180547625
17.170926893806897,-19.35654246749429,3.3562543780494094
87.02752305764487,-16.208443680851264,-0.8134163742286645
32.97465353025861,-12.240162612641008,2.9263923216834833
72.83377314397976,-9.700162612641007,1.6718147527105254
